draw_id,date,num1,num2,num3,num4,num5,num6,num7,sum_val,odd_count,even_count,consecutive_pairs,max_min_diff,last_digit_sum,mean_deviation,sum_ma5,sum_diff,std_dev,zone1_cnt,zone2_cnt,zone3_cnt,zone4_cnt,prime_count,same_last_digit,overlap_prev,slide_prev,hot_score
1,2013/04/05,7,10,12,17,23,28,34,131,3,4,0,27,31,18.714285714285715,131.0,0.0,9.995236960911027,2,2,2,1,3,1,0,0,0
2,2013/4/12,20,24,29,31,33,34,35,206,4,3,2,15,26,29.428571428571427,206.0,75.0,5.563486402641868,0,1,2,4,2,1,1,4,0
3,2013/4/19,2,7,8,11,14,23,31,96,4,3,1,29,26,13.714285714285714,96.0,-110.0,10.061714328984658,3,2,1,1,5,1,1,1,0
4,2013/4/26,12,13,22,23,24,28,29,151,3,4,4,17,31,21.571428571428573,151.0,55.0,6.704653678780206,0,2,5,0,3,2,1,4,0
5,2013/5/3,1,3,4,5,16,21,28,78,4,3,2,27,28,11.142857142857142,132.4,-73.0,10.510765456244872,4,1,2,0,2,1,1,2,0
6,2013/5/10,5,15,19,23,30,34,35,161,5,2,1,30,31,23.0,138.4,83.0,10.939226054281292,1,2,2,2,3,2,1,2,0
7,2013/5/17,1,3,5,7,27,29,33,105,7,0,0,32,35,15.0,118.2,-56.0,13.9522996909709,4,0,2,1,4,2,1,2,0
8,2013/5/24,2,21,28,29,30,32,36,178,2,5,2,34,28,25.428571428571427,134.6,73.0,11.282097069504157,1,0,4,2,2,1,1,4,0
9,2013/5/31,3,4,15,23,27,30,36,138,4,3,1,33,28,19.714285714285715,132.0,-40.0,12.802529511966059,2,1,3,1,2,1,2,3,0
10,2013/6/7,1,2,3,6,24,28,30,94,2,5,2,29,24,13.428571428571429,135.2,-44.0,13.21435006419338,4,0,3,0,2,0,2,4,0
11,2013/6/14,9,15,26,29,32,34,36,181,3,4,0,27,41,25.857142857142858,139.2,87.0,10.155927192672127,1,1,2,3,1,2,0,1,12
12,2013/6/21,11,12,14,19,26,27,33,142,4,3,2,22,32,20.285714285714285,146.6,-39.0,8.518886580500327,0,4,2,1,2,0,1,3,9
13,2013/6/28,6,10,16,21,27,28,35,143,3,4,1,29,33,20.428571428571427,139.6,1.0,10.406042200842464,2,1,3,1,0,1,1,3,12
14,2013/7/5,4,7,8,9,24,28,30,110,2,5,2,26,40,15.714285714285714,134.0,-33.0,11.11626864426317,4,0,3,0,1,2,1,3,15
15,2013/7/12,2,10,14,17,23,25,35,126,4,3,0,33,26,18.0,140.4,16.0,10.801234497346433,2,2,2,1,3,1,0,3,8
16,2013/7/19,5,6,9,13,16,21,23,93,5,2,1,18,33,13.285714285714286,122.8,-33.0,7.087883692477977,3,2,2,0,3,2,1,3,12
17,2013/7/26,2,3,5,22,34,36,37,139,3,4,2,35,29,19.857142857142858,122.2,46.0,16.242214252050854,3,0,1,3,4,1,1,2,12
18,2013/8/2,12,17,21,24,29,31,36,170,4,3,0,24,30,24.285714285714285,127.6,31.0,8.36090676330994,0,2,3,2,3,1,1,2,13
19,2013/8/9,2,14,19,20,21,22,31,129,3,4,3,29,19,18.428571428571427,131.4,-41.0,8.847921466972585,1,3,2,1,3,2,2,2,11
20,2013/8/16,2,5,13,20,21,23,28,112,4,3,1,26,22,16.0,128.6,-17.0,9.66091783079296,2,2,3,0,4,1,3,4,17
21,2013/8/23,1,9,13,15,25,30,33,126,6,1,0,32,26,18.0,135.2,14.0,11.704699910719626,2,2,2,1,1,2,1,1,9
22,2013/8/30,2,4,8,9,15,23,25,86,4,3,1,23,36,12.285714285714286,124.6,-40.0,9.013217807092827,4,1,2,0,2,1,3,2,15
23,2013/9/6,4,8,11,25,28,29,30,135,3,4,2,26,35,19.285714285714285,117.6,49.0,11.161157134071205,2,1,4,0,2,1,3,1,13
24,2013/9/13,4,5,8,10,16,19,33,95,3,4,1,29,35,13.571428571428571,110.8,-40.0,10.179344164485629,4,2,0,1,2,0,2,2,13
25,2013/9/20,1,6,11,16,17,18,21,90,4,3,2,20,30,12.857142857142858,106.4,-5.0,7.197883286739499,2,4,1,0,2,3,1,4,11
26,2013/9/27,11,13,16,18,26,31,36,151,3,4,0,25,31,21.571428571428573,111.4,61.0,9.536895771286428,0,4,1,2,3,3,3,2,13
27,2013/10/4,1,10,11,14,17,18,28,99,3,4,2,27,29,14.142857142857142,114.0,-52.0,8.315218406202998,2,4,1,0,2,2,2,3,13
28,2013/10/11,6,7,12,15,19,35,37,131,5,2,1,31,41,18.714285714285715,113.2,32.0,12.632158508007592,2,3,0,2,3,2,0,3,6
29,2013/10/18,2,3,16,17,24,26,28,116,2,5,2,26,36,16.571428571428573,117.4,-15.0,10.580755216542011,2,2,3,0,3,1,0,1,12
30,2013/10/25,6,8,13,22,26,32,36,143,1,6,0,30,33,20.428571428571427,128.0,27.0,11.745313148332016,2,1,2,2,1,3,1,0,11
31,2013/11/1,9,12,13,19,23,33,34,143,5,2,2,25,33,20.428571428571427,126.4,0.0,10.064080399406311,1,3,1,2,3,3,1,4,11
32,2013/11/8,3,8,15,18,27,29,37,137,5,2,0,34,47,19.571428571428573,134.0,-6.0,12.108635250062147,2,2,2,1,3,2,0,2,12
33,2013/11/15,1,4,17,24,29,33,36,144,4,3,0,35,34,20.571428571428573,136.6,7.0,13.818552057013097,2,1,2,2,2,1,1,3,14
34,2013/11/22,4,6,7,23,24,32,35,131,3,4,2,31,31,18.714285714285715,139.6,-13.0,12.9320568835006,3,0,2,2,2,1,2,3,11
35,2013/11/29,1,16,18,19,25,30,34,143,3,4,1,33,33,20.428571428571427,139.6,12.0,10.814452411120081,1,3,2,1,1,0,0,2,13
36,2013/12/6,5,6,10,11,20,28,36,116,2,5,2,31,26,16.571428571428573,134.2,-27.0,11.83014712302349,3,2,1,1,2,2,0,1,11
37,2013/12/13,7,8,10,13,14,19,37,108,4,3,2,30,38,15.428571428571429,128.4,-8.0,10.341778423094402,3,3,0,1,4,1,1,4,14
38,2013/12/20,4,14,19,22,24,29,34,146,2,5,0,30,36,20.857142857142858,128.8,38.0,9.873003113348565,1,2,3,1,2,4,2,1,15
39,2013/12/27,7,13,19,23,25,26,30,143,5,2,1,23,33,20.428571428571427,131.2,-3.0,8.038597366397175,1,2,4,0,4,1,1,4,15
40,2014/1/10,2,6,11,23,26,31,34,133,3,4,0,32,23,19.0,129.2,-10.0,12.622730819174324,2,1,2,2,4,2,2,3,12
41,2014/1/17,2,3,8,15,34,35,36,133,3,4,3,34,33,19.0,132.6,0.0,15.556349186104045,3,1,0,3,2,1,2,2,12
42,2014/1/24,2,15,16,17,23,31,33,137,5,2,2,31,27,19.571428571428573,138.4,4.0,10.58075521654201,1,3,1,2,4,1,2,3,11
43,2014/1/31,4,6,7,8,24,31,37,117,3,4,2,33,37,16.714285714285715,132.6,-20.0,13.634689651941548,4,0,1,2,3,2,1,1,17
44,2014/2/7,3,4,6,15,27,28,29,112,4,3,3,26,42,16.0,126.4,-5.0,11.888369666751338,3,1,3,0,2,0,2,2,12
45,2014/2/14,1,2,9,18,21,27,33,111,5,2,1,32,31,15.857142857142858,122.0,-1.0,12.307566391297286,3,1,2,1,1,1,1,2,7
46,2014/2/21,2,5,6,15,23,27,30,108,4,3,1,28,28,15.428571428571429,117.0,-3.0,11.414276774536102,3,1,3,0,3,1,2,1,18
47,2014/2/28,2,9,11,14,20,21,36,113,3,4,1,34,23,16.142857142857142,112.2,5.0,10.915257997081753,2,3,1,1,2,1,1,1,11
48,2014/3/7,3,5,24,26,29,30,34,151,3,4,1,31,31,21.571428571428573,119.0,38.0,12.421180068162375,2,0,4,1,3,1,0,1,14
49,2014/3/14,8,11,12,17,24,26,27,125,3,4,2,19,35,17.857142857142858,121.6,-26.0,7.819389819088006,1,3,3,0,2,1,2,1,13
50,2014/3/21,3,4,7,8,15,24,29,90,4,3,2,26,40,12.857142857142858,117.4,-35.0,10.188695883650851,4,1,2,0,3,1,2,1,18
51,2014/3/28,1,4,5,8,20,23,35,96,4,3,1,34,26,13.714285714285714,115.0,6.0,12.53946152105804,4,1,1,1,2,1,2,4,14
52,2014/4/4,8,10,22,24,26,32,34,156,0,7,0,26,26,22.285714285714285,123.6,60.0,10.028530728448139,2,0,3,2,0,2,1,3,11
53,2014/4/11,1,4,14,16,20,33,36,124,2,5,0,35,24,17.714285714285715,118.2,-32.0,13.275469680508303,2,3,0,2,0,2,0,1,11
54,2014/4/18,1,3,5,10,18,22,23,82,4,3,1,22,22,11.714285714285714,109.6,-42.0,9.232447954800246,4,1,2,0,3,1,1,2,14
55,2014/4/25,4,12,14,17,23,30,36,136,2,5,0,32,26,19.428571428571427,118.8,54.0,11.012979355547449,1,3,2,1,2,1,1,3,14
56,2014/5/2,4,23,26,27,28,32,36,176,2,5,2,32,36,25.142857142857142,134.8,40.0,10.237652260627131,1,0,4,2,1,1,3,0,17
57,2014/5/9,5,6,12,16,17,20,33,109,3,4,2,28,29,15.571428571428571,125.4,-67.0,9.501879513323367,2,4,0,1,2,1,0,2,12
58,2014/5/16,1,6,7,8,23,32,33,110,4,3,3,32,30,15.714285714285714,122.6,1.0,13.313079855469027,4,0,1,2,2,1,2,3,17
59,2014/5/23,5,8,12,13,21,30,35,124,4,3,1,30,24,17.714285714285715,131.0,14.0,11.338934190276817,2,2,2,1,2,1,1,2,13
60,2014/5/30,3,7,9,15,16,23,34,107,5,2,1,31,37,15.285714285714286,125.2,-17.0,10.562737740350679,3,2,1,1,3,1,0,3,13
61,2014/6/6,5,10,11,21,28,31,37,143,5,2,1,32,23,20.428571428571427,118.6,36.0,12.108635250062148,2,1,2,2,4,2,0,1,8
62,2014/6/13,4,10,12,15,27,32,33,133,3,4,1,29,23,19.0,123.4,-10.0,11.547005383792515,2,2,1,2,0,1,1,5,17
63,2014/6/20,4,8,19,24,28,30,32,145,1,6,0,28,35,20.714285714285715,130.4,12.0,10.96531327587567,2,1,3,1,1,2,2,2,13
64,2014/6/27,4,15,16,17,20,29,36,137,3,4,2,32,37,19.571428571428573,133.0,-8.0,10.341778423094404,1,4,1,1,2,1,1,2,13
65,2014/7/4,4,7,12,22,23,24,28,120,2,5,2,24,30,17.142857142857142,135.6,-17.0,9.35287070776617,2,1,4,0,2,2,1,1,19
66,2014/7/11,1,11,25,28,31,33,37,166,6,1,0,36,26,23.714285714285715,140.2,46.0,12.996336480130156,1,1,2,3,3,2,1,2,11
67,2014/7/18,7,11,15,17,18,25,35,128,6,1,1,28,38,18.285714285714285,139.2,-38.0,9.286446857549729,1,4,1,1,3,3,2,0,12
68,2014/7/25,2,7,13,15,24,34,35,130,4,3,1,33,30,18.571428571428573,136.2,2.0,12.843378875996027,2,2,1,2,3,2,3,2,14
69,2014/8/1,13,17,20,22,28,29,37,166,4,3,1,24,36,23.714285714285715,142.0,36.0,8.159131606453506,0,3,3,1,4,1,1,0,13
70,2014/8/8,9,10,18,21,27,33,35,153,5,2,1,26,33,21.857142857142858,148.6,-13.0,10.367072415884365,2,1,2,2,0,0,0,3,10
71,2014/8/15,1,6,13,29,34,35,37,155,5,2,1,36,35,22.142857142857142,146.4,2.0,15.08231383031763,2,1,1,3,3,0,1,1,12
72,2014/8/22,11,12,18,19,20,31,32,143,3,4,4,21,23,20.428571428571427,149.4,-12.0,8.30375703837612,0,5,0,2,3,2,0,1,12
73,2014/8/29,12,16,23,25,27,30,32,165,3,4,0,20,25,23.571428571428573,156.4,22.0,7.2768386647211685,0,2,4,1,1,1,2,3,10
74,2014/9/5,5,13,14,15,16,24,31,118,4,3,3,26,28,16.857142857142858,146.8,-47.0,8.355209381548963,1,4,1,1,3,2,1,4,12
75,2014/9/12,4,9,15,17,19,35,37,136,6,1,0,33,46,19.428571428571427,143.4,18.0,12.4077548715463,2,3,0,2,3,3,1,3,15
76,2014/9/19,4,13,18,29,32,34,36,166,2,5,0,32,36,23.714285714285715,145.6,30.0,12.175306782093633,1,2,1,3,2,1,1,3,14
77,2014/9/26,3,10,23,25,26,28,30,145,3,4,1,27,25,20.714285714285715,146.0,-21.0,10.160614904526952,2,0,5,0,2,2,0,3,6
78,2014/10/3,5,6,10,14,24,28,36,123,1,6,1,31,33,17.571428571428573,137.6,-22.0,11.914377069422512,3,1,2,1,1,2,2,1,10
79,2014/10/10,2,4,7,9,21,29,37,109,5,2,0,35,39,15.571428571428571,135.8,-14.0,13.562904591287994,4,0,2,1,4,2,0,5,11
80,2014/10/17,2,5,10,18,21,24,27,107,3,4,0,25,27,15.285714285714286,130.0,-2.0,9.690446940402795,3,1,3,0,2,0,2,2,15
81,2014/10/24,1,3,10,18,28,31,35,126,4,3,0,34,26,18.0,122.0,19.0,13.759844960366861,3,1,1,2,2,2,2,3,14
82,2014/10/31,1,3,16,20,25,27,34,126,4,3,0,33,26,18.0,118.2,0.0,12.301761391497289,2,2,2,1,1,0,2,2,11
83,2014/11/7,1,11,21,26,28,32,35,154,4,3,0,34,24,22.0,124.4,28.0,12.138094304022083,1,1,3,2,1,2,1,4,12
84,2014/11/14,8,16,23,28,29,35,36,175,3,4,2,28,45,25.0,137.6,21.0,10.16530045465127,1,1,3,2,2,2,2,2,14
85,2014/11/21,6,7,10,11,22,26,35,117,3,4,2,29,27,16.714285714285715,139.6,-58.0,11.071198154284321,3,1,2,1,2,1,1,3,13
86,2014/11/28,3,10,20,21,22,26,30,132,2,5,2,27,12,18.857142857142858,140.8,15.0,9.317162862670363,2,1,4,0,1,2,3,2,17
87,2014/12/5,8,9,12,18,20,28,31,126,2,5,1,23,36,18.0,140.8,-6.0,9.03696114115064,2,3,1,1,1,2,1,3,12
88,2014/12/12,3,4,10,14,25,29,30,115,3,4,2,27,25,16.428571428571427,133.0,-11.0,11.530497862294625,3,1,3,0,2,2,0,3,14
89,2014/12/19,1,3,11,26,28,34,36,139,3,4,0,35,29,19.857142857142858,125.8,24.0,14.62222704684631,2,1,2,2,2,2,1,4,18
90,2014/12/26,2,8,9,13,14,18,37,101,3,4,2,35,41,14.428571428571429,122.6,-38.0,11.17821009609235,3,3,0,1,3,1,0,2,8
91,2015/1/9,1,5,7,14,15,25,35,102,6,1,1,34,32,14.571428571428571,116.6,1.0,11.970201096293842,3,2,1,1,2,3,1,4,13
92,2015/1/16,4,5,15,25,26,29,32,136,4,3,2,28,36,19.428571428571427,118.6,34.0,11.472534489773723,2,1,3,1,2,2,3,3,13
93,2015/1/23,2,5,11,14,17,30,32,111,3,4,0,30,21,15.857142857142858,117.8,-25.0,11.538754575033526,2,3,1,1,4,1,2,3,13
94,2015/1/30,13,19,20,27,28,29,30,166,4,3,4,17,36,23.714285714285715,123.2,55.0,6.421689437998014,0,3,4,0,3,2,1,2,12
95,2015/2/6,1,8,13,14,18,30,34,118,2,5,1,33,28,16.857142857142858,126.6,-48.0,11.696560340951685,2,3,1,1,1,2,2,3,17
96,2015/2/13,9,11,14,21,22,23,24,124,4,3,3,15,24,17.714285714285715,131.0,6.0,6.2105900340811875,1,2,4,0,2,2,1,2,11
97,2015/2/20,7,13,14,16,22,24,35,131,3,4,1,28,31,18.714285714285715,130.0,7.0,9.159954252329097,1,3,2,1,2,1,3,3,13
98,2015/2/27,3,9,11,13,19,25,33,113,7,0,0,30,33,16.142857142857142,130.4,-18.0,10.253919111386491,2,3,1,1,4,3,1,2,15
99,2015/3/6,13,17,22,24,27,28,35,166,4,3,1,22,36,23.714285714285715,130.4,53.0,7.296444013222827,0,2,4,1,2,1,1,1,15
100,2015/3/13,1,2,11,16,25,35,36,126,4,3,2,35,26,18.0,132.0,-40.0,14.491376746189438,2,2,1,2,2,3,1,3,14
101,2015/3/20,11,12,21,23,28,36,37,168,4,3,2,26,28,24.0,140.8,42.0,10.424330514074592,0,2,3,2,3,1,2,3,9
102,2015/3/27,1,4,8,27,28,29,31,128,4,3,2,30,38,18.285714285714285,140.2,-40.0,13.26290925493958,3,0,3,1,2,2,1,2,11
103,2015/4/3,2,3,11,12,22,35,36,121,3,4,3,34,21,17.285714285714285,141.8,-7.0,14.09153748075165,2,2,1,2,3,2,0,2,17
104,2015/4/10,7,9,11,15,16,22,37,117,5,2,1,30,37,16.714285714285715,132.0,-4.0,10.24230256850294,2,3,1,1,3,1,2,2,15
105,2015/4/17,3,15,19,20,26,28,33,144,4,3,1,30,34,20.571428571428573,135.6,27.0,9.846440014156434,1,3,2,1,2,1,1,1,8
106,2015/4/24,6,10,12,19,21,22,30,120,2,5,1,24,20,17.142857142857142,126.0,-24.0,8.254868693253524,2,2,3,0,1,2,1,2,11
107,2015/5/1,3,8,9,13,17,27,33,110,6,1,1,30,40,15.714285714285714,122.4,-10.0,10.812250547631695,3,2,1,1,3,3,0,2,14
108,2015/5/8,2,6,7,8,28,30,36,117,1,6,2,34,37,16.714285714285715,121.6,7.0,14.008500820505212,4,0,2,1,2,2,1,4,14
109,2015/5/15,6,17,20,21,24,30,32,150,2,5,1,26,20,21.428571428571427,128.2,33.0,8.67673407946298,1,2,3,1,1,1,2,1,10
110,2015/5/22,4,12,22,30,31,35,36,170,2,5,2,32,20,24.285714285714285,133.4,20.0,12.22993984332828,1,1,2,3,1,1,1,2,17
111,2015/5/29,7,8,9,24,28,30,33,139,3,4,2,26,39,19.857142857142858,137.2,-31.0,11.422617496711972,3,0,3,1,1,1,1,1,18
112,2015/6/5,6,7,10,15,27,35,36,136,4,3,2,30,36,19.428571428571427,142.4,-3.0,13.023787760058424,3,1,1,2,1,3,1,4,16
113,2015/6/12,4,6,7,9,15,17,37,95,5,2,1,33,45,13.571428571428571,138.0,-41.0,11.37038760490223,4,2,0,1,3,2,3,4,18
114,2015/6/19,8,13,26,27,28,29,37,168,4,3,3,29,48,24.0,141.6,73.0,10.0,1,1,4,1,3,2,1,1,12
115,2015/6/26,6,8,13,14,20,25,27,113,3,4,1,21,33,16.142857142857142,130.2,-55.0,8.112306935115548,2,3,2,0,1,0,3,3,16
116,2015/7/3,9,14,23,27,28,31,32,164,4,3,2,23,34,23.428571428571427,135.2,51.0,8.772250620700536,1,1,3,2,2,0,2,3,13
117,2015/7/10,9,10,20,28,31,34,37,169,3,4,1,28,29,24.142857142857142,141.8,5.0,11.334733807028309,2,1,1,3,2,1,3,3,15
118,2015/7/17,5,8,9,24,27,28,30,131,3,4,2,25,41,18.714285714285715,149.0,-38.0,10.858395917664906,3,0,4,0,1,1,2,4,23
119,2015/7/24,3,6,8,14,15,25,36,107,3,4,1,33,37,15.285714285714286,136.8,-24.0,11.657819774930555,3,2,1,1,1,2,1,3,15
120,2015/7/31,2,16,18,26,32,35,37,166,2,5,0,35,36,23.714285714285715,147.4,59.0,12.526163095887021,1,2,1,3,2,2,0,5,7
121,2015/8/7,2,4,13,16,21,30,37,123,3,4,0,35,23,17.571428571428573,139.2,-43.0,12.869306415617261,2,2,2,1,3,0,3,0,11
122,2015/8/14,2,16,18,26,27,34,35,158,2,5,2,33,38,22.571428571428573,137.0,35.0,11.573779890441193,1,2,2,2,1,1,2,0,15
123,2015/8/21,1,3,5,8,29,34,36,116,4,3,0,35,36,16.571428571428573,134.0,-42.0,15.650954633899524,4,0,1,2,3,0,1,4,10
124,2015/8/28,1,2,15,17,18,22,36,111,3,4,2,35,31,15.857142857142858,134.8,-5.0,11.992060865819678,2,3,1,1,2,1,2,1,9
125,2015/9/4,1,6,11,14,19,28,35,114,4,3,0,34,34,16.285714285714285,124.4,3.0,12.023785950000464,2,3,1,1,2,1,1,4,12
126,2015/9/11,4,10,13,16,17,21,27,108,4,3,1,23,28,15.428571428571429,121.4,-6.0,7.457817885886436,2,3,2,0,2,1,0,3,11
127,2015/9/18,10,12,15,23,28,30,35,153,3,4,0,25,23,21.857142857142858,120.4,45.0,9.685531674075708,1,2,3,1,1,2,1,3,12
128,2015/9/25,2,4,8,23,26,27,32,122,2,5,1,30,32,17.428571428571427,121.6,-31.0,12.353908192108584,3,0,3,1,2,1,1,1,16
129,2015/10/2,5,7,11,19,24,27,30,123,5,2,0,25,33,17.571428571428573,124.0,1.0,9.997618764104828,2,2,3,0,4,1,1,4,8
130,2015/10/9,1,15,20,23,25,31,32,147,5,2,1,31,17,21.0,130.6,24.0,10.63014581273465,1,2,2,2,2,2,0,4,9
131,2015/10/16,3,4,12,17,32,34,36,138,2,5,1,33,28,19.714285714285715,136.6,-9.0,14.221044098029344,2,2,0,3,2,2,1,1,13
132,2015/10/23,7,10,14,16,20,30,31,128,2,5,1,24,18,18.285714285714285,131.6,-10.0,9.322272357358043,2,3,1,1,2,2,0,2,10
133,2015/10/30,3,7,13,15,17,21,30,106,6,1,0,27,26,15.142857142857142,128.4,-22.0,8.914941978285135,2,3,2,0,4,2,2,5,15
134,2015/11/6,4,9,20,28,30,34,35,160,2,5,1,31,30,22.857142857142858,135.8,54.0,12.280452915488246,2,1,2,2,0,2,1,2,14
135,2015/11/13,8,9,13,14,24,32,34,134,2,5,2,26,34,19.142857142857142,133.2,-26.0,10.807845474909595,2,2,1,2,1,2,2,2,12
136,2015/11/20,10,17,24,27,30,33,37,178,4,3,0,27,28,25.428571428571427,141.2,44.0,9.360504666899516,1,1,3,2,2,3,1,2,16
137,2015/11/27,13,19,21,25,27,32,35,172,6,1,0,22,32,24.571428571428573,150.0,-6.0,7.612646120264685,0,2,3,2,2,1,1,2,14
138,2015/12/4,2,5,17,20,21,32,33,130,4,3,2,31,20,18.571428571428573,154.8,-42.0,11.956269524913738,2,2,1,2,3,1,2,2,16
139,2015/12/11,9,16,18,21,23,34,35,156,4,3,1,26,36,22.285714285714285,154.0,26.0,9.446591726019244,1,2,2,2,1,0,1,4,12
140,2015/12/18,3,11,12,13,17,26,35,117,5,2,2,32,27,16.714285714285715,150.6,-39.0,10.6256652452805,1,4,1,1,4,1,1,2,13
141,2015/12/25,2,10,18,30,31,32,36,159,1,6,2,34,19,22.714285714285715,146.8,42.0,12.893335303097302,2,1,1,3,2,2,0,4,14
142,2016/1/8,6,12,14,18,21,27,28,126,2,5,1,22,36,18.0,137.6,-33.0,8.020806277010642,1,3,3,0,0,1,1,0,12
143,2016/1/15,1,3,8,14,28,29,33,116,4,3,1,32,36,16.571428571428573,134.8,-10.0,13.302344941865737,3,1,2,1,2,2,2,2,9
144,2016/1/22,2,9,13,18,22,32,36,132,2,5,0,34,32,18.857142857142858,130.0,16.0,12.198750911856663,2,2,1,2,2,2,0,4,16
145,2016/1/29,10,12,18,28,29,30,35,162,2,5,2,25,32,23.142857142857142,139.0,30.0,9.737018219636019,1,2,3,1,1,2,1,3,16
146,2016/2/5,4,10,25,27,28,33,34,161,3,4,2,30,31,23.0,139.4,-1.0,11.51810169544733,2,0,3,2,0,1,2,3,14
147,2016/2/12,1,5,7,12,15,24,25,89,5,2,1,24,29,12.714285714285714,132.0,-72.0,9.250482612892615,3,2,2,0,2,2,1,2,7
148,2016/2/19,1,9,11,16,20,30,34,121,3,4,0,33,21,17.285714285714285,133.0,32.0,11.714866419985132,2,3,1,1,1,2,1,2,11
149,2016/2/26,1,4,15,19,22,23,31,115,5,2,1,30,25,16.428571428571427,129.6,-6.0,10.70602856427385,2,2,2,1,3,1,1,3,8
150,2016/3/4,6,7,14,20,27,31,34,139,3,4,1,28,29,19.857142857142858,125.0,24.0,11.305287427107894,2,2,1,2,2,2,1,2,11
151,2016/3/11,9,10,13,15,21,22,24,114,4,3,2,15,24,16.285714285714285,115.6,-25.0,6.047431568147635,2,2,3,0,1,0,0,3,12
152,2016/3/18,8,12,17,21,23,24,31,136,4,3,1,23,26,19.428571428571427,125.0,22.0,7.764387566686396,1,2,3,1,3,1,2,4,11
153,2016/3/25,7,9,10,16,20,28,37,127,3,4,1,30,37,18.142857142857142,126.2,-9.0,11.066896153673373,3,2,1,1,2,2,0,4,14
154,2016/4/1,2,4,19,21,24,28,35,133,3,4,0,33,33,19.0,129.8,6.0,12.110601416389967,2,1,3,1,2,1,1,2,13
155,2016/4/8,2,9,13,18,22,24,26,114,2,5,0,24,34,16.285714285714285,124.8,-19.0,8.731442906993966,2,2,3,0,2,1,2,2,12
156,2016/4/15,4,9,16,19,22,33,34,137,3,4,1,30,37,19.571428571428573,129.4,23.0,11.267314717907766,2,2,1,2,1,2,2,1,18
157,2016/4/22,5,9,16,26,28,29,32,145,3,4,1,27,45,20.714285714285715,131.2,8.0,10.67261738772462,2,1,3,1,2,2,2,2,12
158,2016/4/29,3,6,7,30,32,36,37,151,3,4,2,34,31,21.571428571428573,136.0,6.0,15.414896938320659,3,0,1,3,3,2,1,2,6
159,2016/5/6,10,14,17,21,23,27,31,143,5,2,0,21,23,20.428571428571427,138.0,-8.0,7.3452284479368615,1,2,3,1,3,2,0,1,13
160,2016/5/13,1,2,8,24,32,36,37,140,2,5,2,36,30,20.0,143.2,-3.0,15.989579940281942,3,0,1,3,2,1,0,2,12
161,2016/5/20,8,14,17,18,20,22,34,133,1,6,1,26,33,19.0,142.4,-7.0,8.020806277010642,1,4,1,1,1,2,1,0,11
162,2016/5/27,2,7,8,12,14,23,27,93,3,4,1,25,33,13.285714285714286,132.0,-40.0,8.938946353165003,3,2,2,0,3,2,2,2,14
163,2016/6/3,1,2,6,16,28,30,31,114,2,5,2,30,24,16.285714285714285,124.6,21.0,13.450084085416043,3,1,2,1,2,2,1,3,14
164,2016/6/10,3,13,20,23,31,35,36,161,5,2,1,33,21,23.0,128.2,47.0,12.151817422372122,1,2,1,3,4,2,1,2,10
165,2016/6/17,9,11,14,15,16,18,27,110,4,3,2,18,40,15.714285714285714,122.2,-51.0,5.822779568622009,1,5,1,0,1,0,0,1,13
166,2016/6/24,14,20,27,29,30,31,37,188,4,3,2,23,28,26.857142857142858,133.2,78.0,7.603257447273754,0,2,3,2,3,2,2,1,17
167,2016/7/1,1,3,5,7,10,26,36,88,4,3,0,35,28,12.571428571428571,132.2,-100.0,13.226956602044968,5,0,1,1,3,1,0,2,12
168,2016/7/8,3,9,12,14,19,20,36,113,3,4,1,33,33,16.142857142857142,132.0,25.0,10.510765456244872,2,4,0,1,2,1,2,1,17
169,2016/7/15,1,5,10,20,21,28,30,115,3,4,1,29,15,16.428571428571427,122.8,2.0,11.267314717907766,3,1,3,0,1,3,1,3,14
170,2016/7/22,3,5,6,9,27,32,36,118,4,3,1,33,38,16.857142857142858,124.4,3.0,14.205967894146593,4,0,1,2,2,1,1,3,16
171,2016/7/29,1,2,6,21,23,27,28,108,4,3,2,27,28,15.428571428571429,108.4,-10.0,11.956269524913735,3,0,4,0,2,1,2,3,16
172,2016/8/5,5,20,21,27,30,31,36,170,4,3,2,31,20,24.285714285714285,124.8,62.0,10.193368525897702,1,1,3,2,2,2,2,3,24
173,2016/8/12,7,9,19,22,24,27,30,138,4,3,0,23,38,19.714285714285715,129.8,-32.0,8.750510189207745,2,1,4,0,2,2,2,3,14
174,2016/8/19,10,13,14,15,23,31,32,138,4,3,3,22,18,19.714285714285715,134.4,0.0,8.976158898517147,1,3,1,2,3,1,0,3,13
175,2016/8/26,6,17,21,31,33,35,37,180,6,1,0,31,30,25.714285714285715,146.8,42.0,11.412190641506792,1,1,1,4,3,2,1,2,9
176,2016/9/2,1,11,12,17,22,30,35,128,4,3,1,34,18,18.285714285714285,150.8,-52.0,11.714866419985132,1,3,2,1,2,2,2,2,11
177,2016/9/9,9,15,19,23,25,34,36,161,5,2,0,27,41,23.0,149.0,33.0,9.746794344808963,1,2,2,2,2,2,0,3,12
178,2016/9/16,6,9,11,15,26,34,36,137,3,4,0,30,37,19.571428571428573,148.8,-24.0,12.313368654395418,2,2,1,2,1,2,4,1,15
179,2016/9/23,4,9,12,13,22,26,36,122,2,5,1,32,32,17.428571428571427,145.6,-15.0,11.103410029613167,2,2,2,1,1,2,3,1,13
180,2016/9/30,1,8,11,21,23,25,28,117,5,2,0,27,27,16.714285714285715,133.0,-5.0,10.078265156832726,2,1,4,0,2,3,0,5,12
181,2016/10/7,7,8,10,13,19,23,24,104,4,3,2,17,34,14.857142857142858,128.2,-13.0,7.104659772022195,3,2,2,0,4,1,2,3,12
182,2016/10/14,1,7,10,11,20,23,30,102,4,3,1,29,12,14.571428571428571,116.4,-2.0,10.113640011673063,3,2,2,0,3,3,3,4,17
183,2016/10/21,6,15,20,26,33,34,37,171,3,4,1,31,31,24.428571428571427,123.2,69.0,11.35572018642503,1,2,1,3,1,1,1,1,12
184,2016/10/28,7,14,18,22,23,26,34,144,2,5,1,27,34,20.571428571428573,127.6,-27.0,8.67673407946298,1,2,3,1,2,1,2,3,16
185,2016/11/4,1,2,4,16,26,29,34,112,2,5,1,33,32,16.0,126.6,-32.0,13.892443989449804,3,1,2,1,2,2,2,0,12
186,2016/11/11,5,14,16,19,31,33,37,155,5,2,0,32,35,22.142857142857142,136.8,43.0,11.725024114098465,1,3,0,3,4,0,1,2,6
187,2016/11/18,4,6,10,23,24,32,36,135,1,6,1,32,25,19.285714285714285,143.4,-20.0,12.737271891503896,3,0,2,2,1,2,0,4,15
188,2016/11/25,6,15,19,25,26,30,31,152,4,3,2,25,32,21.714285714285715,139.6,17.0,8.976158898517147,1,2,3,1,2,2,1,2,15
189,2016/12/2,3,7,8,10,18,23,35,104,4,3,1,32,34,14.857142857142858,131.6,-48.0,11.216484467493538,4,1,1,1,3,2,0,2,14
190,2016/12/9,2,11,12,18,21,33,36,133,3,4,1,34,23,19.0,135.8,29.0,12.192894105447921,1,3,1,2,2,2,1,3,9
191,2016/12/16,8,15,21,24,26,27,29,150,4,3,1,21,40,21.428571428571427,134.8,17.0,7.502380574571933,1,1,5,0,1,0,1,0,12
192,2016/12/23,12,13,14,19,25,33,34,150,4,3,3,22,30,21.428571428571427,137.8,0.0,9.360504666899516,0,4,1,2,2,2,0,2,12
193,2016/12/30,4,6,20,21,22,24,31,128,2,5,2,27,18,18.285714285714285,133.0,-22.0,9.776064063386071,2,1,3,1,1,2,0,2,13
194,2017/1/6,3,6,27,30,31,32,36,165,3,4,2,33,25,23.571428571428573,145.2,37.0,13.327379623131009,2,0,2,3,2,1,2,3,12
195,2017/1/13,4,7,12,20,23,24,31,121,3,4,1,27,21,17.285714285714285,142.8,-44.0,9.860937847795983,2,2,2,1,3,1,1,3,16
196,2017/1/20,7,13,15,25,30,32,37,159,5,2,0,30,29,22.714285714285715,144.6,38.0,11.176079898817918,1,2,2,2,3,2,1,4,12
197,2017/1/27,6,8,10,12,16,21,28,101,1,6,0,22,31,14.428571428571429,134.8,-58.0,7.828519290754433,3,2,2,0,0,2,0,4,14
198,2017/2/3,18,21,31,32,33,36,37,208,4,3,3,19,28,29.714285714285715,150.8,107.0,7.341986237031632,0,1,1,5,2,1,1,0,17
199,2017/2/10,1,9,17,20,22,28,29,126,4,3,1,28,36,18.0,143.0,-82.0,10.099504938362077,2,2,3,0,2,1,0,3,5
200,2017/2/17,13,14,17,21,27,28,34,154,4,3,2,21,34,22.0,149.6,28.0,7.916228058025278,0,3,3,1,2,2,2,3,14
201,2017/2/24,8,11,17,24,28,31,32,151,3,4,1,24,31,21.571428571428573,148.0,-3.0,9.675693650537289,1,2,2,2,3,2,2,1,17
202,2017/3/3,3,7,11,16,22,34,37,130,4,3,0,34,30,18.571428571428573,153.8,-21.0,13.100345324419797,2,2,1,2,4,1,1,2,11
203,2017/3/10,6,13,17,22,32,33,36,159,3,4,1,30,29,22.714285714285715,144.0,29.0,11.36829341801553,1,2,1,3,2,3,1,4,18
204,2017/3/17,5,19,20,21,30,34,36,165,3,4,2,31,25,23.571428571428573,151.8,6.0,10.721584815333085,1,2,2,2,2,1,1,3,12
205,2017/3/24,4,5,19,31,35,36,37,167,5,2,3,33,37,23.857142857142858,154.4,2.0,14.54222096091895,2,1,0,4,4,1,3,5,12
206,2017/3/31,1,6,7,11,27,35,36,123,5,2,2,35,33,17.571428571428573,148.8,-44.0,14.695318334503032,3,1,1,2,2,3,2,3,13
207,2017/4/7,4,5,10,13,28,32,33,125,3,4,2,29,25,17.857142857142858,147.8,2.0,12.746614863413363,3,1,1,2,2,1,0,3,15
208,2017/4/14,4,13,16,18,22,26,33,132,2,5,0,29,32,18.857142857142858,142.4,7.0,9.352870707766172,1,3,2,1,1,2,3,2,13
209,2017/4/21,3,4,6,13,22,31,36,115,3,4,1,33,25,16.428571428571427,132.4,-17.0,13.427051585724778,3,1,1,2,3,2,3,1,20
210,2017/4/28,2,4,6,11,15,19,36,93,3,4,0,34,33,13.285714285714286,117.6,-22.0,11.714866419985132,3,3,0,1,3,1,3,2,17
211,2017/5/5,7,15,22,25,31,32,35,167,5,2,1,28,27,23.857142857142858,126.4,74.0,10.073539123673987,1,1,2,3,2,3,1,2,15
212,2017/5/12,4,6,10,19,20,24,29,112,2,5,1,25,32,16.0,123.8,-55.0,9.46924847422786,3,2,2,0,2,3,0,2,14
213,2017/5/19,5,13,15,18,19,24,35,129,5,2,1,30,39,18.428571428571427,123.2,17.0,9.378293072429596,1,4,1,1,3,2,2,3,18
214,2017/5/26,2,6,9,12,31,36,37,133,3,4,1,35,33,19.0,126.8,4.0,15.077577170531521,3,1,0,3,3,2,0,3,14
215,2017/6/2,11,12,13,21,29,36,37,159,5,2,3,26,29,22.714285714285715,140.0,26.0,11.324226032630012,0,3,2,2,4,1,3,4,15
216,2017/6/9,9,14,22,24,25,36,37,167,3,4,2,28,37,23.857142857142858,140.0,8.0,10.350983390135314,1,1,3,2,1,1,2,4,14
217,2017/6/16,4,6,26,27,28,35,36,162,2,5,3,32,42,23.142857142857142,150.0,-5.0,12.992671927264377,2,0,3,2,0,2,1,3,18
218,2017/6/23,15,16,17,21,26,29,30,154,4,3,3,15,34,22.0,155.0,-8.0,6.324555320336759,0,3,4,0,2,1,1,2,9
219,2017/6/30,6,9,13,14,21,25,31,119,5,2,1,25,29,17.0,152.2,-35.0,9.0,2,2,2,1,2,1,1,3,18
220,2017/7/7,7,9,11,18,25,28,35,133,5,2,0,28,43,19.0,147.0,14.0,10.661457061146317,2,2,2,1,2,2,2,1,14
221,2017/7/14,1,2,9,11,17,30,35,105,5,2,1,34,25,15.0,134.6,-28.0,13.203534880225572,3,2,1,1,3,1,3,1,13
222,2017/7/21,3,9,18,21,23,27,29,130,6,1,0,26,40,18.571428571428573,128.2,25.0,9.484322904265806,2,1,4,0,3,2,1,3,14
223,2017/7/28,10,13,19,21,26,33,34,156,4,3,1,24,26,22.285714285714285,128.6,26.0,9.268482179125225,1,2,2,2,2,1,1,3,10
224,2017/8/4,2,4,7,10,12,29,34,98,2,5,0,32,28,14.0,124.4,-58.0,12.503332889007368,4,1,1,1,3,2,2,2,11
225,2017/8/11,13,15,17,18,20,21,26,130,4,3,2,13,30,18.571428571428573,123.8,32.0,4.27617987059879,0,5,2,0,2,0,0,1,16
226,2017/8/18,12,17,21,24,26,30,32,162,2,5,0,20,22,23.142857142857142,135.2,32.0,7.081162132224988,0,2,4,1,1,1,3,3,16
227,2017/8/25,2,3,7,9,22,23,26,92,4,3,2,24,32,13.142857142857142,127.6,-70.0,10.188695883650851,4,0,3,0,4,2,1,2,15
228,2017/9/1,6,11,14,21,24,28,31,135,3,4,0,25,25,19.285714285714285,123.4,43.0,9.232447954800246,1,2,3,1,2,3,0,3,13
229,2017/9/8,2,3,9,30,33,36,37,150,4,3,2,35,30,21.428571428571427,133.8,15.0,15.988090805942017,3,0,1,3,3,1,0,1,13
230,2017/9/15,3,5,8,15,22,25,27,105,5,2,0,24,35,15.0,128.8,-45.0,9.882644720249061,3,1,3,0,2,2,1,2,7
231,2017/9/22,4,15,18,24,25,34,36,156,2,5,1,32,36,22.285714285714285,127.6,51.0,11.116268644263172,1,2,2,2,0,3,2,2,11
232,2017/9/29,2,4,7,9,15,35,37,109,5,2,0,35,39,15.571428571428571,131.0,-47.0,14.558584441915395,4,1,0,2,3,2,2,2,14
233,2017/10/6,3,13,17,25,26,27,29,140,6,1,2,26,40,20.0,132.0,31.0,9.46924847422786,1,2,4,0,4,2,0,1,15
234,2017/10/13,7,14,15,16,23,25,30,130,4,3,2,23,30,18.571428571428573,128.0,-10.0,7.8072005835882665,1,3,3,0,2,1,1,4,14
235,2017/10/20,2,9,13,18,21,33,34,130,4,3,1,32,30,18.571428571428573,133.0,0.0,11.900380145988935,2,2,1,2,2,1,0,1,15
236,2017/10/27,19,22,23,34,35,36,37,206,4,3,4,18,36,29.428571428571427,143.0,76.0,7.7213371652225895,0,1,2,4,3,0,1,4,11
237,2017/11/3,3,4,7,19,20,21,29,103,5,2,3,26,33,14.714285714285714,141.8,-103.0,10.011897684160344,3,2,2,0,4,1,1,2,13
238,2017/11/10,3,21,26,33,34,35,37,189,5,2,2,34,29,27.0,151.6,86.0,11.986103064243467,1,0,2,4,2,1,2,2,18
239,2017/11/17,8,13,17,21,23,28,37,147,5,2,0,29,37,21.0,155.0,-42.0,9.643650760992955,1,2,3,1,4,3,2,0,13
240,2017/11/24,9,12,14,24,29,31,35,154,4,3,0,26,34,22.0,159.8,7.0,10.295630140987,1,2,2,2,2,2,0,5,9
241,2017/12/1,5,11,12,19,21,26,28,122,4,3,1,23,32,17.428571428571427,143.0,-32.0,8.423323628614831,1,3,3,0,3,1,1,2,10
242,2017/12/8,1,5,13,17,31,32,35,134,6,1,1,34,24,19.142857142857142,149.2,12.0,13.716517675520166,2,2,0,3,4,2,1,1,11
243,2017/12/15,6,9,13,18,20,22,30,118,2,5,0,24,28,16.857142857142858,135.0,-16.0,8.21438923330216,2,3,2,0,1,1,1,3,10
244,2017/12/22,2,9,17,22,32,34,36,152,2,5,0,34,32,21.714285714285715,136.0,34.0,13.123951205261898,2,1,1,3,2,2,2,1,13
245,2017/12/29,2,8,9,11,24,26,27,107,3,4,2,25,37,15.285714285714286,126.6,-45.0,10.127755357009201,3,1,3,0,2,0,2,1,11
246,2018/1/5,3,6,9,19,23,25,31,116,6,1,0,28,36,16.571428571428573,125.4,9.0,10.643576198144789,3,1,2,1,4,2,1,4,14
247,2018/1/12,10,12,13,16,34,35,36,156,2,5,3,26,26,22.285714285714285,129.8,40.0,12.037639382568406,1,3,0,3,1,1,0,1,11
248,2018/1/19,1,5,6,22,25,27,31,117,5,2,1,30,27,16.714285714285715,129.6,-39.0,12.284329933079862,3,0,3,1,2,2,0,0,12
249,2018/1/26,9,20,28,29,31,34,37,188,4,3,1,28,38,26.857142857142858,136.8,71.0,9.511897312113419,1,1,2,3,3,1,1,1,16
250,2018/2/2,5,9,10,13,26,30,34,127,3,4,1,29,27,18.142857142857142,140.8,-61.0,11.567606658662102,3,1,2,1,2,1,2,2,19
251,2018/2/9,1,15,20,26,28,34,37,161,3,4,0,36,31,23.0,149.8,34.0,12.301761391497289,1,2,2,2,1,0,2,0,14
252,2018/2/16,8,23,24,25,27,30,31,168,4,3,3,23,28,24.0,152.2,7.0,7.659416862050705,1,0,5,1,2,0,0,2,13
253,2018/2/23,6,7,9,12,15,17,24,90,4,3,1,18,40,12.857142857142858,146.8,-78.0,6.362090102803518,3,3,1,0,2,1,1,3,14
254,2018/3/2,1,12,14,18,23,24,31,123,3,4,1,30,23,17.571428571428573,133.8,33.0,9.744351233016026,1,3,2,1,2,2,2,3,13
255,2018/3/9,1,4,11,13,15,21,32,97,5,2,0,31,17,13.857142857142858,127.8,-26.0,10.431180365113232,2,3,1,1,2,2,1,4,8
256,2018/3/16,14,21,24,27,30,33,37,186,4,3,0,23,26,26.571428571428573,132.8,89.0,7.72133716522259,0,1,4,2,1,2,1,2,11
257,2018/3/23,5,15,16,26,27,32,35,156,4,3,2,30,36,22.285714285714285,130.4,-30.0,10.67261738772462,1,2,2,2,1,3,1,3,13
258,2018/03/30,1,3,11,20,23,32,35,125,5,2,0,34,15,17.857142857142858,137.4,-31.0,13.396872413970003,2,2,1,2,3,2,2,0,12
259,2018/4/6,5,6,15,19,22,29,32,128,4,3,1,27,38,18.285714285714285,138.4,3.0,10.451702982676805,2,2,2,1,3,3,1,2,11
260,2018/4/13,4,8,12,23,29,31,34,141,3,4,0,30,31,20.142857142857142,147.2,13.0,12.047524938461724,2,1,2,2,3,1,1,3,12
261,2018/4/20,4,14,15,17,21,23,26,120,4,3,1,22,30,17.142857142857142,134.0,-21.0,7.244045173533258,1,3,3,0,2,1,2,0,18
262,2018/4/27,2,6,7,9,19,23,36,102,4,3,1,34,42,14.571428571428571,123.2,-18.0,12.039617143098072,4,1,1,1,4,2,1,0,10
263,2018/5/4,1,5,11,16,27,35,36,131,5,2,1,35,31,18.714285714285715,124.4,29.0,14.15055105775373,2,2,1,2,2,3,1,3,13
264,2018/5/11,8,13,15,17,21,26,29,129,5,2,0,21,39,18.428571428571427,124.6,-2.0,7.390470053998433,1,3,3,0,3,0,0,3,14
265,2018/5/18,12,13,15,19,21,24,36,140,4,3,1,24,30,20.0,124.4,11.0,8.286535263104035,0,4,2,1,2,0,3,1,17
266,2018/5/25,6,11,15,17,20,27,32,128,4,3,0,26,28,18.285714285714285,126.0,-12.0,8.976158898517147,1,4,1,1,2,1,1,2,18
267,2018/6/1,8,13,18,20,23,25,26,133,3,4,1,18,33,19.0,132.2,5.0,6.5828058860438325,1,3,3,0,2,2,1,2,13
268,2018/6/8,4,5,9,15,29,31,33,126,6,1,1,29,36,18.0,131.2,-7.0,12.7148207485071,3,1,1,2,3,2,0,1,14
269,2018/6/15,1,9,15,24,31,33,36,149,5,2,0,35,29,21.285714285714285,135.2,23.0,13.275469680508303,2,1,1,3,1,1,4,0,16
270,2018/6/22,1,2,11,13,15,24,25,91,5,2,2,24,21,13.0,125.4,-58.0,9.46924847422786,2,3,2,0,3,2,3,2,17
271,2018/6/29,1,9,15,16,19,32,35,127,5,2,1,34,37,18.142857142857142,125.2,36.0,12.033682886362088,2,3,0,2,1,2,2,2,18
272,2018/7/6,2,5,8,15,18,26,31,105,3,4,0,29,35,15.0,119.6,-22.0,10.83205120618128,3,2,1,1,3,2,1,5,18
273,2018/7/13,13,15,21,23,26,32,34,164,4,3,0,21,24,23.428571428571427,127.2,59.0,7.934253648099546,0,2,3,2,2,1,2,1,20
274,2018/7/20,9,14,21,23,25,26,37,155,5,2,1,28,35,22.142857142857142,128.4,-9.0,8.989411761039973,1,1,4,1,2,0,3,2,14
275,2018/7/27,8,9,15,19,24,25,35,135,5,2,2,27,45,19.285714285714285,137.2,-20.0,9.60406659900353,2,2,2,1,1,3,2,4,23
276,2018/8/3,3,6,12,17,22,34,35,129,3,4,1,32,29,18.428571428571427,137.6,-6.0,12.68670094833093,2,2,1,2,2,1,1,1,5
277,2018/8/10,6,7,9,11,21,23,25,102,6,1,1,19,32,14.571428571428571,137.0,-27.0,8.121107126025425,3,1,3,0,3,1,1,4,16
278,2018/8/17,6,9,14,21,23,33,36,142,4,3,0,30,32,20.285714285714285,132.6,40.0,11.455919659202191,2,1,2,2,1,2,4,1,18
279,2018/8/24,7,11,15,17,19,23,31,123,7,0,0,24,33,17.571428571428573,126.2,-19.0,7.8921298953903625,1,4,1,1,6,2,1,2,18
280,2018/8/31,4,9,10,11,24,32,35,125,3,4,2,31,25,17.857142857142858,124.2,2.0,12.321100754783389,3,1,1,2,1,1,1,3,15
281,2018/9/7,1,2,17,19,20,22,26,107,3,4,2,25,27,15.285714285714286,119.8,-18.0,9.827076298239907,2,3,2,0,3,1,0,0,11
282,2018/9/14,10,17,18,25,29,35,36,170,4,3,2,26,40,24.285714285714285,133.4,63.0,9.759000729485331,1,2,2,2,2,1,1,2,12
283,2018/9/21,13,14,15,17,23,29,31,142,6,1,2,18,32,20.285714285714285,133.4,-28.0,7.40977475398287,0,4,2,1,5,1,2,1,17
284,2018/9/28,6,7,10,25,29,30,33,140,4,3,2,27,30,20.0,136.8,-2.0,11.832159566199232,3,0,3,1,2,1,1,1,14
285,2018/10/5,11,15,21,26,30,34,35,172,4,3,1,24,22,24.571428571428573,146.2,32.0,9.289010404005062,0,2,3,2,1,2,1,4,15
286,2018/10/12,4,5,14,17,18,29,37,124,4,3,2,33,44,17.714285714285715,149.6,-48.0,11.996031089688033,2,3,1,1,4,2,0,2,12
287,2018/10/19,2,7,10,20,24,29,34,126,2,5,0,32,26,18.0,140.8,2.0,11.958260743101398,3,1,2,1,3,2,1,0,14
288,2018/10/26,1,8,9,16,27,32,37,130,4,3,1,36,40,18.571428571428573,138.4,4.0,13.599719885070463,3,1,1,2,1,1,0,3,5
289,2018/11/2,2,7,10,12,16,17,34,98,2,5,1,32,28,14.0,130.0,-32.0,10.214368964029708,3,3,0,1,3,2,1,4,17
290,2018/11/9,3,13,22,26,31,32,37,164,4,3,1,34,24,23.428571428571427,128.4,66.0,11.900380145988933,1,1,2,3,4,2,0,2,9
291,2018/11/16,1,11,18,19,21,29,37,136,6,1,1,36,36,19.428571428571427,130.8,-28.0,11.659861961120336,1,3,2,1,4,3,1,1,15
292,2018/11/23,12,15,25,26,27,29,35,169,5,2,2,23,39,24.142857142857142,139.4,33.0,8.008923594519874,0,2,4,1,1,2,1,1,16
293,2018/11/30,11,13,15,20,27,29,35,150,6,1,0,24,30,21.428571428571427,143.4,-19.0,9.089502055616006,0,4,2,1,3,1,4,3,18
294,2018/12/7,3,4,6,10,14,22,29,88,2,5,1,26,28,12.571428571428571,141.4,-62.0,9.795528620364546,4,1,2,0,2,1,1,2,14
295,2018/12/14,4,5,6,8,9,22,32,86,2,5,3,28,36,12.285714285714286,125.8,-2.0,10.59424821486146,5,0,1,1,1,1,3,3,10
296,2018/12/21,1,8,10,12,18,28,29,106,2,5,1,28,36,15.142857142857142,119.8,20.0,10.431180365113232,3,2,2,0,1,2,1,2,17
297,2018/12/28,2,3,11,16,23,28,36,119,3,4,1,34,29,17.0,109.8,13.0,12.754084313139327,2,2,2,1,4,2,1,3,9
298,2019/1/4,1,3,8,11,18,19,22,82,4,3,1,21,32,11.714285714285714,96.2,-37.0,8.199883855158879,3,3,1,0,3,2,2,3,18
299,2019/1/11,1,6,10,13,16,26,36,108,2,5,0,35,28,15.428571428571429,100.2,26.0,12.025765988869383,3,2,1,1,1,3,1,1,15
300,2019/1/18,4,7,21,31,33,34,35,165,5,2,2,31,25,23.571428571428573,116.0,57.0,13.21435006419338,2,0,1,4,2,2,0,2,6
301,2019/1/25,4,11,12,25,27,30,33,142,4,3,1,29,22,20.285714285714285,123.2,-23.0,11.131251587524284,1,2,3,1,1,0,2,2,13
302,2019/2/1,8,16,26,27,28,32,34,171,1,6,2,26,41,24.428571428571427,133.6,29.0,9.235026490796564,1,1,3,2,0,2,1,4,14
303,2019/2/8,4,7,14,17,21,34,37,134,4,3,0,33,34,19.142857142857142,144.0,-37.0,12.588732679511091,2,2,1,2,3,4,1,2,9
304,2019/2/15,7,9,10,17,28,33,36,140,4,3,1,29,40,20.0,150.4,6.0,12.165525060596439,3,1,1,2,2,1,2,2,14
305,2019/2/22,6,17,23,24,27,28,31,156,4,3,2,25,36,22.285714285714285,148.6,16.0,8.440266301373153,1,1,4,1,3,1,2,2,12
306,2019/3/1,12,13,15,22,25,33,35,155,5,2,1,23,25,22.142857142857142,151.2,-1.0,9.388442743227289,0,3,2,2,1,4,0,2,9
307,2019/3/8,5,8,15,24,25,32,35,144,4,3,1,30,34,20.571428571428573,145.8,-11.0,11.559370554621372,2,1,2,2,1,3,3,2,9
308,2019/3/15,5,6,11,15,20,32,33,122,4,3,2,28,22,17.428571428571427,143.4,-22.0,11.501552690211625,2,3,0,2,2,1,3,2,13
309,2019/3/22,1,7,13,14,16,21,22,94,4,3,2,21,24,13.428571428571429,134.2,-28.0,7.457817885886435,2,3,2,0,2,1,0,4,12
310,2019/3/29,17,25,26,28,31,32,37,196,4,3,2,20,36,28.0,142.2,102.0,6.324555320336759,0,1,3,3,3,1,0,1,16
311,2019/4/5,9,11,18,24,26,27,37,152,4,3,1,28,42,21.714285714285715,141.6,-44.0,9.793097666456815,1,2,3,1,2,1,2,4,12
312,2019/4/12,1,2,4,18,20,29,34,108,2,5,1,33,28,15.428571428571429,134.4,-44.0,13.38976154700726,3,2,1,1,2,1,1,0,6
313,2019/4/19,9,13,16,23,28,29,30,148,4,3,2,21,38,21.142857142857142,139.6,40.0,8.474050024015895,1,2,4,0,3,2,1,2,10
314,2019/4/26,3,6,8,19,32,34,35,137,3,4,1,32,37,19.571428571428573,148.2,-11.0,14.105048066291053,3,1,0,3,2,0,0,1,9
315,2019/5/3,3,11,18,26,30,33,37,158,4,3,0,34,28,22.571428571428573,140.6,21.0,12.394315133118395,1,2,2,2,3,1,1,2,12
316,2019/5/10,3,9,10,17,30,33,34,136,4,3,2,31,26,19.428571428571427,137.4,-22.0,12.791366135759214,3,1,1,2,2,2,3,3,12
317,2019/5/17,7,8,14,15,16,20,29,109,3,4,3,22,39,15.571428571428571,137.6,-27.0,7.457817885886436,2,4,1,0,2,0,0,3,12
318,2019/5/24,4,5,10,12,27,34,36,128,2,5,1,32,28,18.285714285714285,133.6,19.0,13.69567189193099,3,1,1,2,1,1,0,0,7
319,2019/5/31,2,6,14,23,28,31,35,139,3,4,0,33,29,19.857142857142858,134.0,11.0,12.746614863413363,2,1,2,2,3,0,0,3,9
320,2019/6/7,5,6,18,22,26,33,34,144,2,5,2,29,34,20.571428571428573,131.2,5.0,11.745313148332016,2,1,2,2,1,1,1,3,15
321,2019/6/14,15,24,27,28,29,34,35,192,4,3,3,20,42,27.428571428571427,142.4,48.0,6.704653678780206,0,1,4,2,1,2,1,3,16
322,2019/6/21,1,10,11,21,26,29,30,128,4,3,2,29,18,18.285714285714285,146.2,-64.0,11.101265479128731,2,1,4,0,2,3,1,3,13
323,2019/6/28,11,14,15,21,26,34,36,157,3,4,1,25,27,22.428571428571427,152.0,29.0,9.913915184512842,0,3,2,2,1,3,3,1,16
324,2019/7/5,9,13,16,17,18,19,20,112,4,3,4,11,42,16.0,146.6,-45.0,3.8297084310253524,1,6,0,0,3,1,0,3,7
325,2019/7/12,4,14,17,18,21,31,33,138,4,3,1,29,28,19.714285714285715,145.4,26.0,9.96183192179507,1,3,1,2,2,2,2,4,15
326,2019/7/19,1,2,17,18,24,27,29,118,4,3,2,28,38,16.857142857142858,130.6,-20.0,11.36410388648648,2,2,3,0,3,1,2,2,14
327,2019/7/26,1,3,13,14,16,30,31,108,4,3,2,30,18,15.428571428571429,126.6,-10.0,11.73111450882002,2,3,1,1,3,2,1,4,12
328,2019/8/2,3,9,10,14,19,24,30,109,3,4,1,27,29,15.571428571428571,117.0,1.0,9.360504666899516,3,2,2,0,2,3,3,2,13
329,2019/8/9,3,10,19,20,26,28,30,136,2,5,1,27,26,19.428571428571427,121.8,27.0,9.89708951926681,2,2,3,0,2,2,4,2,15
330,2019/8/16,3,4,10,12,17,18,20,84,2,5,2,17,24,12.0,111.0,-52.0,6.757711644237764,3,4,0,0,2,1,3,3,16
331,2019/8/23,5,7,11,12,15,18,20,88,4,3,1,15,28,12.571428571428571,105.0,4.0,5.503245795502349,2,5,0,0,3,1,3,3,12
332,2019/8/30,5,7,10,15,24,27,30,118,4,3,0,25,28,16.857142857142858,107.0,30.0,10.12305242879787,3,1,3,0,2,3,3,1,15
333,2019/9/6,1,4,10,11,16,24,34,100,2,5,1,33,20,14.285714285714286,105.2,-18.0,11.528432760126671,3,2,1,1,1,3,2,3,16
334,2019/9/13,3,7,15,16,30,34,35,140,4,3,2,32,30,20.0,106.0,40.0,13.038404810405298,2,2,1,2,2,1,2,3,16
335,2019/9/20,9,10,17,18,22,25,35,136,4,3,2,26,36,19.428571428571427,116.4,-4.0,8.997354108424373,2,2,2,1,1,1,1,2,14
336,2019/9/27,9,10,13,21,25,31,33,142,6,1,1,24,22,20.285714285714285,127.2,6.0,9.877825093178586,2,1,2,2,2,2,3,3,11
337,2019/10/4,5,7,10,12,14,24,35,107,3,4,0,30,27,15.285714285714286,125.0,-35.0,10.641338977689566,3,2,1,1,2,2,1,4,21
338,2019/10/11,7,9,16,17,23,27,34,133,5,2,1,27,43,19.0,131.6,26.0,9.678154093971983,2,2,2,1,3,2,1,3,14
339,2019/10/18,11,15,18,20,23,25,32,144,4,3,0,21,24,20.571428571428573,132.4,11.0,6.900655593423543,0,4,2,1,2,1,1,2,14
340,2019/10/25,6,14,17,26,27,30,36,156,2,5,1,30,36,22.285714285714285,136.4,12.0,10.371664696249516,1,2,3,1,1,3,0,3,8
341,2019/11/1,4,11,17,27,29,31,36,155,5,2,0,32,35,22.142857142857142,139.0,-1.0,11.696560340951685,1,2,2,2,4,2,3,3,12
342,2019/11/8,3,6,24,28,32,35,36,164,2,5,1,33,34,23.428571428571427,150.4,9.0,13.587459203951548,2,0,2,3,1,1,1,4,11
343,2019/11/15,17,19,22,29,30,31,32,180,4,3,3,15,30,25.714285714285715,159.8,16.0,6.2105900340811875,0,2,3,2,4,2,1,2,12
344,2019/11/22,11,19,28,29,31,32,37,187,5,2,2,26,37,26.714285714285715,168.4,7.0,8.807464366741915,0,2,2,3,5,2,4,4,12
345,2019/11/29,6,9,10,18,28,31,32,134,2,5,2,26,34,19.142857142857142,164.0,-53.0,11.141941354308823,3,1,1,2,1,1,3,5,20
346,2019/12/6,11,16,18,23,30,31,35,164,4,3,1,24,24,23.428571428571427,165.8,30.0,8.885515232803382,0,3,2,2,3,1,2,3,17
347,2019/12/13,3,6,11,13,18,20,34,105,3,4,0,31,25,15.0,154.0,-59.0,10.327955589886445,2,4,0,1,3,1,2,1,13
348,2019/12/20,2,5,17,18,19,20,33,114,4,3,3,31,34,16.285714285714285,140.8,9.0,10.291003930849598,2,4,0,1,4,0,2,5,12
349,2019/12/27,4,10,11,15,18,22,34,114,2,5,1,30,24,16.285714285714285,126.2,0.0,9.741907508530447,2,3,1,1,1,1,1,3,15
350,2020/1/10,10,19,21,23,24,30,37,164,4,3,1,27,24,23.428571428571427,132.2,50.0,8.502100580780862,1,1,4,1,3,1,1,4,11
351,2020/1/17,8,13,17,19,23,25,28,133,5,2,0,20,43,19.0,126.0,-31.0,7.0,1,3,3,0,4,2,2,2,13
352,2020/1/24,3,4,14,18,26,30,32,127,1,6,1,29,27,18.142857142857142,130.4,-6.0,11.838194843085542,2,2,2,1,1,1,0,3,15
353,2020/1/31,11,15,22,23,24,29,33,157,5,2,2,22,27,22.428571428571427,139.0,30.0,7.5687326736854885,0,2,4,1,3,1,0,3,14
354,2020/2/7,1,2,8,10,13,25,31,90,4,3,1,30,20,12.857142857142858,134.2,-67.0,11.305287427107894,4,1,1,1,3,1,0,2,11
355,2020/2/14,4,6,9,10,23,27,33,112,4,3,1,29,32,16.0,123.8,22.0,11.460075625114056,4,0,2,1,1,1,1,1,15
356,2020/2/21,4,16,20,30,33,34,36,173,1,6,1,32,23,24.714285714285715,131.8,61.0,11.814035236591627,1,2,1,3,0,3,2,1,14
357,2020/2/28,5,8,12,13,14,24,30,106,2,5,2,25,26,15.142857142857142,127.6,-67.0,8.839844859659989,2,3,2,0,2,1,1,1,12
358,2020/3/6,5,13,14,26,32,33,34,157,3,4,3,29,27,22.428571428571427,127.6,51.0,11.645559137244017,1,2,1,3,2,2,3,2,15
359,2020/3/13,4,7,11,17,19,26,35,119,5,2,0,31,39,17.0,133.4,-38.0,10.908712114635714,2,3,1,1,4,1,1,2,11
360,2020/3/20,9,11,13,14,20,22,37,126,4,3,1,28,26,18.0,136.2,7.0,9.591663046625438,1,4,1,1,3,0,1,1,13
361,2020/3/27,5,9,16,20,29,33,35,147,5,2,0,30,37,21.0,131.0,21.0,11.761519176251566,2,2,1,2,2,2,2,0,13
362,2020/4/3,4,7,8,14,22,24,27,106,2,5,1,23,36,15.142857142857142,131.0,-41.0,9.209208641871667,3,1,3,0,1,3,0,2,16
363,2020/4/10,13,15,17,22,26,34,36,163,3,4,0,23,33,23.285714285714285,132.2,57.0,9.123491395189411,0,3,2,2,2,1,1,3,14
364,2020/4/17,3,9,10,14,16,20,27,99,3,4,1,24,29,14.142857142857142,128.2,-64.0,7.861903319777204,3,3,1,0,1,1,0,3,16
365,2020/4/24,1,4,13,14,16,22,35,105,3,4,1,34,25,15.0,124.0,6.0,11.343133018115703,2,3,1,1,1,1,2,2,21
366,2020/5/1,10,24,25,26,27,33,36,181,3,4,3,26,31,25.857142857142858,130.8,76.0,8.27503416767511,1,0,4,2,0,1,0,1,13
367,2020/5/8,8,14,19,20,29,30,31,151,3,4,3,23,31,21.571428571428573,139.8,-30.0,8.810167286666447,1,3,2,1,3,2,0,0,14
368,2020/5/15,7,8,9,13,21,34,35,127,5,2,3,28,37,18.142857142857142,132.6,-24.0,12.1164980010531,3,1,1,2,2,0,1,4,16
369,2020/5/22,1,7,9,11,15,31,34,108,6,1,0,33,28,15.428571428571429,134.4,-19.0,12.43459077006749,3,2,0,2,3,2,3,3,14
370,2020/5/29,7,10,16,25,26,33,34,151,3,4,2,27,31,21.571428571428573,143.6,43.0,10.752629800148782,2,1,2,2,1,1,2,3,16
371,2020/6/5,1,3,4,8,11,21,25,73,5,2,1,24,23,10.428571428571429,122.0,-78.0,9.271050693011066,4,1,2,0,2,2,1,3,12
372,2020/6/12,6,8,22,23,32,33,36,160,2,5,2,30,30,22.857142857142858,123.8,87.0,12.005950905399251,2,0,2,3,1,3,1,1,11
373,2020/6/19,2,3,17,18,22,23,31,116,4,3,3,29,26,16.571428571428573,121.6,-44.0,10.627905765125176,2,2,2,1,5,2,2,3,9
374,2020/6/26,4,5,9,10,18,27,35,108,4,3,2,31,38,15.428571428571429,121.6,-8.0,11.787806452108931,4,1,1,1,1,1,1,2,13
375,2020/7/3,13,15,18,19,23,27,32,147,5,2,1,19,37,21.0,120.8,39.0,6.757711644237764,0,4,2,1,3,1,2,1,11
376,2020/7/10,6,11,14,17,23,31,37,139,5,2,0,31,29,19.857142857142858,134.0,-8.0,11.11198409268977,1,3,1,2,5,2,1,3,11
377,2020/7/17,6,7,10,17,25,33,36,134,4,3,1,30,34,19.142857142857142,128.8,-5.0,12.375090187261552,3,1,1,2,2,2,2,3,14
378,2020/7/24,1,5,9,10,14,15,29,83,5,2,2,28,33,11.857142857142858,122.2,-51.0,8.989411761039975,4,2,1,0,2,2,1,2,12
379,2020/7/31,3,8,15,22,24,29,35,136,4,3,0,32,36,19.428571428571427,127.8,53.0,11.414276774536102,2,1,3,1,2,1,2,2,11
380,2020/8/7,8,14,24,25,32,34,36,173,1,6,1,28,33,24.714285714285715,133.0,37.0,10.499433091271891,1,1,2,3,0,2,2,4,14
381,2020/8/14,4,8,25,26,27,31,32,153,3,4,3,28,33,21.857142857142858,135.8,-20.0,11.186726828829652,2,0,3,2,1,0,3,3,16
382,2020/8/21,2,3,5,8,19,22,37,96,4,3,1,35,36,13.714285714285714,128.2,-57.0,12.906255404703122,4,1,1,1,5,1,1,2,14
383,2020/8/28,8,11,15,22,26,28,30,140,2,5,0,22,30,20.0,139.6,44.0,8.698658900466592,1,2,4,0,1,1,2,0,12
384,2020/9/4,3,7,15,18,26,30,31,130,4,3,1,28,30,18.571428571428573,138.4,-10.0,11.02810263005598,2,2,2,1,3,0,3,2,14
385,2020/9/11,4,12,14,24,29,34,35,152,2,5,1,31,32,21.714285714285715,134.2,22.0,11.92636135785325,1,2,2,2,1,3,0,3,10
386,2020/9/18,9,19,22,32,35,36,37,190,4,3,2,28,40,27.142857142857142,141.6,38.0,10.668154658117954,1,1,1,4,2,2,1,2,13
387,2020/9/25,3,7,13,22,30,32,37,144,4,3,0,34,24,20.571428571428573,151.2,-46.0,13.17645808322736,2,1,2,2,4,3,3,1,16
388,2020/10/2,1,6,8,10,18,21,32,96,2,5,0,31,26,13.714285714285714,142.4,-48.0,10.594248214861459,4,1,1,1,0,2,1,3,12
389,2020/10/9,1,6,11,13,18,24,27,100,4,3,0,26,30,14.285714285714286,136.4,4.0,9.375753937938105,2,3,2,0,2,1,3,1,10
390,2020/10/16,3,6,19,21,23,26,27,125,5,2,1,24,35,17.857142857142858,131.0,25.0,9.564318610135825,2,1,4,0,3,2,2,3,13
391,2020/10/23,10,23,27,32,33,35,37,197,5,2,1,27,27,28.142857142857142,132.4,72.0,9.317162862670363,1,0,2,4,2,2,2,1,14
392,2020/10/30,1,4,6,15,20,22,26,94,2,5,0,25,24,13.428571428571429,122.4,-103.0,9.795528620364545,3,2,2,0,0,1,0,2,15
393,2020/11/6,7,14,15,22,27,30,31,146,4,3,2,24,26,20.857142857142858,132.4,52.0,9.118270512704541,1,2,3,1,2,1,2,3,17
394,2020/11/13,6,10,22,23,27,32,33,153,3,4,2,27,23,21.857142857142858,143.0,7.0,10.38313651116674,2,0,3,2,1,2,2,3,21
395,2020/11/20,1,2,5,20,26,29,32,115,3,4,1,31,25,16.428571428571427,141.0,-38.0,13.427051585724778,3,1,2,1,3,1,1,3,12
396,2020/11/27,2,3,5,8,16,20,34,88,2,5,1,32,28,12.571428571428571,119.2,-27.0,11.60254487683834,4,2,0,1,3,0,3,2,7
397,2020/12/4,4,12,13,15,21,28,37,130,4,3,1,33,30,18.571428571428573,126.4,42.0,11.058287131636359,1,3,2,1,2,0,0,3,9
398,2020/12/11,3,4,10,17,20,22,33,109,3,4,1,30,19,15.571428571428571,119.0,-21.0,10.721584815333085,3,2,1,1,2,2,1,3,15
399,2020/12/18,7,15,19,20,21,33,36,151,5,2,2,29,31,21.571428571428573,118.6,42.0,10.030904626156488,1,3,1,2,2,0,2,2,14
400,2020/12/25,4,17,22,28,30,31,35,167,3,4,1,31,27,23.857142857142858,129.0,16.0,10.605479266689954,1,1,3,2,2,0,0,2,12
401,2021/1/8,4,5,9,14,18,30,35,115,3,4,1,31,35,16.428571428571427,134.4,-52.0,12.09486313629527,3,2,1,1,1,2,3,3,11
402,2021/1/15,7,9,12,17,20,26,29,120,4,3,0,22,40,17.142857142857142,132.4,5.0,8.395009855633909,2,3,2,0,3,2,1,2,14
403,2021/1/22,2,6,8,12,19,20,29,96,2,5,1,27,36,13.714285714285714,129.8,-24.0,9.428932172031034,3,3,1,0,3,2,3,3,14
404,2021/1/29,4,8,13,16,25,30,32,128,2,5,0,28,28,18.285714285714285,125.2,32.0,10.904346009952267,2,2,2,1,1,0,1,2,12
405,2021/2/5,3,10,16,17,24,32,36,138,2,5,1,33,28,19.714285714285715,119.4,10.0,11.757469763435296,2,2,1,2,2,1,2,3,11
406,2021/2/12,1,2,5,16,18,21,29,92,4,3,1,28,32,13.142857142857142,114.8,-46.0,10.668154658117954,3,2,2,0,3,1,1,3,12
407,2021/2/19,19,21,25,26,28,30,31,180,4,3,2,12,30,25.714285714285715,126.8,88.0,4.46147530585589,0,1,5,1,2,1,1,3,13
408,2021/2/26,16,18,19,21,29,30,35,168,4,3,2,19,38,24.0,141.2,-12.0,7.2571803523590805,0,3,3,1,2,1,3,3,20
409,2021/3/5,13,15,16,24,30,31,37,166,4,3,2,24,26,23.714285714285715,148.8,-2.0,9.304376850247875,0,3,2,2,3,0,2,3,14
410,2021/3/12,1,2,18,21,26,29,37,134,4,3,1,36,34,19.142857142857142,148.0,-32.0,13.483676197889201,2,1,3,1,3,1,1,1,16
411,2021/3/19,4,11,12,21,23,27,36,134,4,3,1,32,24,19.142857142857142,156.4,0.0,10.884676865951992,1,2,3,1,2,1,1,2,9
412,2021/3/26,14,20,22,29,31,33,34,183,3,4,1,20,23,26.142857142857142,157.0,49.0,7.559289460184544,0,2,2,3,2,1,0,2,9
413,2021/4/2,3,10,16,18,19,34,35,135,3,4,2,32,35,19.285714285714285,150.4,-48.0,11.743285822322553,2,3,0,2,2,0,1,3,15
414,2021/4/9,3,8,16,21,25,36,37,146,4,3,1,34,36,20.857142857142858,146.4,11.0,13.005493344846904,2,1,2,2,2,1,2,1,20
415,2021/4/16,4,8,12,13,23,32,37,129,3,4,1,33,29,18.428571428571427,145.4,-17.0,12.501428489805246,2,2,1,2,3,2,2,2,9
416,2021/4/23,8,9,10,15,16,30,31,119,3,4,4,23,29,17.0,142.4,-10.0,9.695359714832659,3,2,1,1,1,1,1,2,15
417,2021/4/30,4,5,13,18,23,27,32,122,4,3,1,28,32,17.428571428571427,130.2,3.0,10.721584815333083,2,2,2,1,3,1,0,1,11
418,2021/5/7,10,13,17,18,22,28,37,145,3,4,1,27,35,20.714285714285715,132.2,23.0,9.268482179125225,1,3,2,1,3,2,2,3,14
419,2021/5/14,3,11,14,21,26,29,34,138,4,3,0,31,28,19.714285714285715,130.6,-7.0,10.950103282835368,1,2,3,1,3,2,0,4,12
420,2021/5/21,4,5,11,13,24,32,34,123,3,4,1,30,23,17.571428571428573,129.4,-15.0,12.421180068162375,2,2,1,2,3,2,2,2,14
421,2021/5/28,9,15,18,26,28,32,37,165,3,4,0,28,45,23.571428571428573,138.6,42.0,9.9474811360656,1,2,2,2,1,1,1,0,13
422,2021/6/4,1,9,21,23,30,35,36,155,5,2,1,35,25,22.142857142857142,145.2,-10.0,13.1710360441459,2,0,3,2,1,1,1,1,9
423,2021/6/11,1,7,9,11,29,31,32,120,6,1,1,31,30,17.142857142857142,140.2,-35.0,13.043881981329681,3,1,1,2,4,3,2,2,12
424,2021/6/18,5,6,12,19,25,30,35,132,4,3,1,30,32,18.857142857142858,139.0,12.0,11.739230119966292,2,2,2,1,2,2,0,3,7
425,2021/6/25,2,9,14,20,22,34,35,136,2,5,1,33,26,19.428571428571427,141.6,4.0,12.272695205986645,2,2,1,2,1,2,1,2,10
426,2021/7/2,1,2,6,8,30,31,33,111,3,4,2,32,21,15.857142857142858,130.8,-25.0,14.690456895873723,4,0,1,2,2,1,1,3,10
427,2021/7/9,11,13,26,27,31,33,37,178,6,1,1,26,28,25.428571428571427,135.4,67.0,9.89708951926681,0,2,2,3,4,3,2,1,14
428,2021/7/16,3,6,16,22,31,34,35,147,3,4,1,32,27,21.0,140.8,-31.0,13.165611772087665,2,1,1,3,2,1,1,1,14
429,2021/7/23,6,11,14,27,30,32,35,155,3,4,0,29,25,22.142857142857142,145.4,8.0,11.538754575033526,1,2,2,2,1,0,2,3,20
430,2021/7/30,2,12,17,24,28,30,32,145,1,6,0,30,25,20.714285714285715,147.2,-10.0,10.934872133291206,1,2,3,1,2,2,2,2,13
431,2021/8/6,7,11,12,17,19,20,26,112,4,3,2,19,32,16.0,147.4,-33.0,6.429100507328636,1,5,1,0,4,1,2,1,11
432,2021/8/13,5,10,13,24,29,30,35,146,4,3,1,30,26,20.857142857142858,141.0,34.0,11.480832888319723,2,1,3,1,3,2,0,2,14
433,2021/8/20,14,17,20,25,32,33,36,177,3,4,1,22,27,25.285714285714285,147.0,31.0,8.596787882968957,0,3,1,3,1,0,0,3,12
434,2021/8/27,10,11,12,17,29,34,37,150,4,3,2,27,30,21.428571428571427,146.0,-27.0,11.588171308956142,1,3,1,2,4,1,1,2,14
435,2021/9/3,3,5,7,11,15,17,25,83,7,0,0,22,33,11.857142857142858,133.6,-67.0,7.733661733585444,3,3,1,0,5,3,2,1,12
436,2021/9/10,5,6,21,22,26,31,32,143,3,4,3,27,23,20.428571428571427,139.8,60.0,10.997835284835872,2,0,3,2,2,3,1,2,14
437,2021/9/17,8,10,14,15,23,25,26,121,3,4,2,18,31,17.285714285714285,134.8,-22.0,7.341986237031632,2,2,3,0,1,1,1,2,10
438,2021/9/24,4,13,16,21,32,34,37,157,3,4,0,33,27,22.428571428571427,130.8,36.0,12.313368654395417,1,2,1,3,2,1,0,2,10
439,2021/10/1,1,3,6,9,26,29,31,105,5,2,0,30,35,15.0,121.8,-52.0,13.102162671355696,4,0,2,1,3,3,0,2,9
440,2021/10/8,5,10,17,18,19,22,32,123,3,4,2,27,33,17.571428571428573,129.8,18.0,8.618916073713347,2,3,1,1,3,1,0,3,17
441,2021/10/15,15,21,22,23,27,28,37,173,5,2,3,22,33,24.714285714285715,135.8,50.0,6.897204402613321,0,1,5,1,2,1,1,2,9
442,2021/10/22,6,13,14,16,19,30,32,130,2,5,1,26,30,18.571428571428573,137.6,-43.0,9.378293072429596,1,4,1,1,2,1,0,2,13
443,2021/10/29,1,5,8,26,28,32,36,136,2,5,0,35,36,19.428571428571427,133.4,6.0,14.304511442864717,3,0,2,2,1,2,1,1,15
444,2021/11/5,11,15,16,17,18,27,29,133,5,2,3,18,43,19.0,139.0,-3.0,6.557438524302,0,5,2,0,3,1,0,2,14
445,2021/11/12,4,22,25,27,28,30,33,169,3,4,1,29,29,24.142857142857142,148.2,36.0,9.54687682663064,1,0,5,1,0,0,1,2,11
446,2021/11/19,1,7,9,12,15,29,32,105,5,2,0,31,35,15.0,134.6,-64.0,11.474609652039003,3,2,1,1,2,2,0,2,13
447,2021/11/26,3,5,8,13,26,30,37,122,4,3,0,34,32,17.428571428571427,133.0,17.0,13.451854182690983,3,1,2,1,4,1,0,3,14
448,2021/12/3,7,21,24,29,32,36,37,186,4,3,1,30,36,26.571428571428573,143.0,64.0,10.43802572100591,1,0,3,3,3,1,1,3,15
449,2021/12/10,2,21,26,27,32,33,34,175,3,4,3,32,25,25.0,151.4,-11.0,11.135528725660043,1,0,3,3,1,1,2,1,14
450,2021/12/17,2,7,12,15,21,23,30,110,4,3,0,28,20,15.714285714285714,139.6,-65.0,9.690446940402795,2,2,3,0,3,1,2,0,14
451,2021/12/24,2,15,22,25,28,33,37,162,4,3,0,35,32,23.142857142857142,151.0,52.0,11.767590682726453,1,1,3,2,2,2,2,1,17
452,2022/1/7,5,17,20,21,31,34,35,163,5,2,2,30,23,23.285714285714285,159.2,1.0,10.812250547631695,1,2,1,3,3,2,0,2,7
453,2022/1/14,2,8,10,21,24,26,35,126,2,5,0,33,26,18.0,147.2,-37.0,11.676186592091328,3,0,3,1,1,0,2,2,14
454,2022/1/21,8,17,21,26,27,29,31,159,5,2,1,23,39,22.714285714285715,144.0,33.0,8.05634916725696,1,1,4,1,3,2,3,1,19
455,2022/1/28,1,5,8,15,18,26,36,109,3,4,0,35,39,15.571428571428571,143.8,-50.0,12.340409810282408,3,2,1,1,1,3,2,2,14
456,2022/2/4,9,15,17,18,22,25,31,137,5,2,1,22,37,19.571428571428573,138.8,28.0,7.16140449113959,1,3,2,1,2,1,2,3,12
457,2022/2/11,7,14,19,27,31,35,36,169,5,2,1,29,39,24.142857142857142,140.0,32.0,11.081945849422103,1,2,1,3,3,1,1,2,11
458,2022/2/18,7,11,12,14,19,21,33,117,5,2,1,26,27,16.714285714285715,138.2,-52.0,8.616153157766824,1,4,1,1,3,1,3,0,14
459,2022/2/25,2,4,7,8,10,20,29,80,2,5,1,27,30,11.428571428571429,122.4,-37.0,9.658452996505925,5,1,1,0,3,1,1,3,13
460,2022/3/4,5,6,9,23,27,28,30,128,4,3,2,25,38,18.285714285714285,126.2,48.0,11.131251587524284,3,0,4,0,2,0,0,5,8
461,2022/3/11,2,13,19,22,32,35,37,160,4,3,0,35,30,22.857142857142858,130.8,32.0,12.772738827004064,1,2,1,3,4,2,0,1,11
462,2022/3/18,7,11,24,27,29,34,35,167,5,2,1,28,37,23.857142857142858,130.4,7.0,10.899978156378287,1,1,3,2,3,2,1,1,15
463,2022/3/25,3,7,13,16,19,24,30,112,4,3,0,27,32,16.0,129.4,-55.0,9.38083151964686,2,3,2,0,4,1,2,1,11
464,2022/4/1,7,8,13,17,30,32,36,143,3,4,1,29,33,20.428571428571427,142.0,31.0,12.03961714309807,2,2,1,2,3,1,3,2,17
465,2022/4/8,1,4,5,13,27,31,35,116,6,1,1,34,26,16.571428571428573,139.6,-27.0,14.16400535226698,3,1,1,2,3,2,1,2,15
466,2022/4/15,5,6,8,14,15,25,29,102,4,3,2,24,42,14.571428571428571,128.0,-14.0,9.360504666899516,3,2,2,0,2,2,1,3,11
467,2022/4/22,7,8,11,13,14,26,30,109,3,4,2,23,29,15.571428571428571,116.4,7.0,8.92295061171178,2,3,2,0,3,0,2,5,21
468,2022/4/29,3,12,15,16,25,29,37,137,5,2,1,34,37,19.571428571428573,121.4,28.0,11.457997830586034,1,3,2,1,3,1,0,4,9
469,2022/5/6,1,6,8,13,16,30,33,107,3,4,0,32,27,15.285714285714286,114.2,-30.0,12.106668764421887,3,2,1,1,1,2,1,3,18
470,2022/5/13,2,3,9,16,27,32,36,125,3,4,1,34,35,17.857142857142858,116.0,18.0,13.945472042071236,3,1,1,2,2,2,1,3,13
471,2022/5/20,3,5,7,8,11,19,34,87,5,2,1,31,37,12.428571428571429,113.0,-38.0,10.829852920779409,4,2,0,1,5,0,1,2,18
472,2022/5/27,5,7,8,32,33,34,36,155,3,4,3,31,35,22.142857142857142,122.2,68.0,14.553677329442335,3,0,0,4,2,0,4,3,20
473,2022/6/3,6,11,21,24,28,33,37,160,4,3,0,31,30,22.857142857142858,126.8,5.0,11.246163366952771,1,1,3,2,2,1,1,3,8
474,2022/6/10,3,17,19,21,24,32,34,150,4,3,0,31,30,21.428571428571427,135.4,-10.0,10.341778423094404,1,2,2,2,3,1,2,2,12
475,2022/6/17,1,2,22,24,26,31,37,143,3,4,1,36,23,20.428571428571427,139.0,-7.0,13.842653200129217,2,0,3,2,3,2,1,3,9
476,2022/6/24,4,7,9,15,22,24,31,112,4,3,0,27,32,16.0,144.0,-31.0,10.0,3,1,2,1,2,1,3,0,11
477,2022/7/1,2,5,9,19,25,32,37,129,5,2,0,35,39,18.428571428571427,138.8,17.0,13.611969522655945,3,1,1,2,4,3,1,3,15
478,2022/7/8,6,8,11,13,16,20,32,106,2,5,0,26,26,15.142857142857142,128.0,-23.0,8.802056036869482,2,4,0,1,2,1,1,3,15
479,2022/7/15,8,11,13,18,24,30,31,135,3,4,1,23,25,19.285714285714285,125.0,29.0,9.232447954800246,1,3,2,1,3,2,3,1,16
480,2022/7/22,10,13,19,21,26,30,36,155,3,4,0,26,25,22.142857142857142,127.4,20.0,9.227288721117224,1,2,3,1,2,2,2,3,11
481,2022/7/29,1,10,13,14,16,25,27,106,4,3,1,26,26,15.142857142857142,126.2,-49.0,8.858678822273133,2,3,2,0,1,0,2,3,7
482,2022/8/5,2,5,14,15,17,19,36,108,4,3,1,34,38,15.428571428571429,122.0,2.0,11.02810263005598,2,4,0,1,4,1,1,4,12
483,2022/8/12,2,11,20,23,25,36,37,154,4,3,1,35,24,22.0,131.6,46.0,12.622730819174324,1,2,2,2,4,0,2,2,14
484,2022/8/19,1,4,6,9,13,22,31,86,4,3,0,30,26,12.285714285714286,121.8,-68.0,10.734900802433865,4,1,1,1,2,1,0,2,15
485,2022/8/26,4,6,17,20,22,24,26,119,1,6,0,22,29,17.0,114.6,33.0,8.698658900466592,2,2,3,0,1,2,3,0,15
486,2022/9/2,8,13,15,23,24,31,35,149,5,2,1,27,29,21.285714285714285,123.2,30.0,9.810101693565427,1,2,2,2,3,2,1,1,16
487,2022/9/9,9,10,13,15,26,34,37,144,4,3,1,28,34,20.571428571428573,130.4,-5.0,11.645559137244017,2,2,1,2,2,0,2,2,16
488,2022/9/16,3,13,16,18,19,20,35,124,4,3,2,32,34,17.714285714285715,124.4,-20.0,9.551863443229035,1,5,0,1,3,1,1,2,16
489,2022/9/23,3,6,7,15,25,29,31,116,6,1,1,28,36,16.571428571428573,130.4,-8.0,11.716898663286043,3,1,2,1,4,1,1,1,11
490,2022/9/30,12,14,18,21,23,29,37,154,4,3,0,25,34,22.0,137.4,38.0,8.717797887081348,0,3,3,1,3,0,1,1,9
491,2022/10/7,3,14,17,21,22,32,35,144,4,3,1,32,24,20.571428571428573,136.4,-10.0,10.845231561338265,1,2,2,2,2,1,2,2,12
492,2022/10/14,7,10,12,15,23,31,37,135,5,2,0,30,25,19.285714285714285,134.6,-9.0,11.353623294119014,2,2,1,2,4,1,0,3,16
493,2022/10/21,5,13,14,20,21,25,31,129,5,2,2,26,19,18.428571428571427,135.6,-6.0,8.560707580902076,1,3,2,1,3,2,1,2,17
494,2022/10/28,7,9,12,22,28,29,32,139,3,4,1,25,39,19.857142857142858,140.2,10.0,10.38313651116674,2,1,3,1,2,3,0,3,12
495,2022/11/4,2,16,19,20,22,33,36,148,2,5,1,34,28,21.142857142857142,139.0,9.0,11.260973484096471,1,3,1,2,2,2,1,1,8
496,2022/11/11,5,8,15,18,25,27,36,134,4,3,0,31,44,19.142857142857142,137.0,-14.0,10.976164652381563,2,2,2,1,1,3,1,2,11
497,2022/11/18,18,20,24,26,27,30,33,178,2,5,1,15,28,25.428571428571427,145.6,44.0,5.287001130355558,0,2,4,1,0,1,2,2,9
498,2022/11/25,6,8,12,20,21,24,29,120,2,5,1,23,30,17.142857142857142,143.8,-58.0,8.610624666239792,2,2,3,0,1,0,2,2,16
499,2022/12/2,5,9,14,18,27,32,34,139,3,4,0,29,39,19.857142857142858,143.8,19.0,11.36410388648648,2,2,1,2,1,1,0,2,13
500,2022/12/9,17,18,24,30,31,32,35,187,3,4,3,18,27,26.714285714285715,151.6,48.0,7.111359122659223,0,2,2,3,2,0,2,3,14
501,2022/12/16,1,2,4,7,12,14,31,71,3,4,1,30,21,10.142857142857142,139.0,-116.0,10.415190371577012,4,2,0,1,3,3,1,1,12
502,2022/12/23,1,2,12,17,21,22,33,108,4,3,2,32,18,15.428571428571429,125.0,37.0,11.443442705426586,2,2,2,1,2,3,3,2,14
503,2022/12/30,5,7,8,13,23,26,33,115,5,2,1,28,35,16.428571428571427,124.0,7.0,10.891237194141334,3,1,2,1,4,2,1,2,12
504,2023/1/6,1,3,4,5,6,29,31,79,5,2,3,30,29,11.285714285714286,112.0,-36.0,12.893335303097304,5,0,1,1,4,1,1,2,11
505,2023/1/13,9,10,12,15,16,28,36,126,2,5,2,27,36,18.0,99.8,47.0,10.14889156509222,2,3,1,1,0,1,0,1,8
506,2023/1/20,8,14,19,22,29,31,37,160,4,3,0,29,40,22.857142857142858,117.6,34.0,10.155927192672127,1,2,2,2,4,1,0,4,11
507,2023/1/27,4,19,25,26,30,32,36,172,2,5,1,32,32,24.571428571428573,130.4,12.0,10.580755216542011,1,1,3,2,1,1,1,3,10
508,2023/2/3,1,5,6,9,16,26,31,94,4,3,1,30,34,13.428571428571429,126.2,-78.0,11.355720186425032,4,1,1,1,2,3,1,3,17
509,2023/2/10,10,14,22,26,27,32,33,164,2,5,2,23,24,23.428571428571427,143.2,70.0,8.715066319448232,1,1,3,2,0,1,1,3,15
510,2023/2/17,3,5,9,11,17,33,37,115,7,0,0,34,35,16.428571428571427,141.0,-49.0,13.501322686526468,3,2,0,2,5,2,1,3,12
511,2023/2/24,1,9,14,24,28,36,37,149,3,4,1,36,39,21.285714285714285,138.8,34.0,13.732131246511903,2,1,2,2,1,1,2,1,15
512,2023/3/3,5,7,17,22,25,26,28,130,4,3,1,23,40,18.571428571428573,130.4,-19.0,9.289010404005062,2,1,4,0,3,2,1,1,17
513,2023/3/10,1,4,10,13,15,19,37,99,5,2,0,36,29,14.142857142857142,131.4,-31.0,11.838194843085542,3,3,0,1,3,0,0,1,14
514,2023/3/17,1,5,10,17,20,27,37,117,5,2,0,36,27,16.714285714285715,122.0,18.0,12.63215850800759,3,2,1,1,3,3,3,2,18
515,2023/3/24,3,15,17,22,26,27,28,138,4,3,2,25,38,19.714285714285715,126.6,21.0,8.901578244226988,1,2,4,0,2,1,2,2,18
516,2023/3/31,7,12,15,16,18,25,36,129,3,4,1,29,39,18.428571428571427,122.6,-9.0,9.501879513323367,1,4,1,1,1,2,1,3,8
517,2023/4/7,3,6,10,16,26,29,31,121,3,4,0,28,31,17.285714285714285,120.8,-8.0,11.455919659202191,3,1,2,1,3,2,1,3,14
518,2023/4/14,5,8,11,24,30,32,36,146,2,5,0,31,26,20.857142857142858,130.2,25.0,12.654756305154878,2,1,2,2,2,0,0,4,9
519,2023/4/21,1,2,8,14,17,21,34,97,3,4,1,33,27,13.857142857142858,126.2,-49.0,11.596386957849866,3,2,1,1,2,2,1,0,10
520,2023/4/28,9,22,25,28,33,34,37,188,4,3,1,28,38,26.857142857142858,136.2,91.0,9.476788686550092,1,0,3,3,1,0,1,3,15
521,2023/5/5,21,24,25,27,30,33,36,196,4,3,1,15,26,28.0,149.6,8.0,5.291502622129181,0,0,5,2,0,0,2,5,13
522,2023/5/12,1,10,12,19,22,25,37,126,4,3,0,36,26,18.0,150.6,-70.0,11.661903789690601,2,2,2,1,2,1,1,3,18
523,2023/5/19,3,17,19,27,28,32,35,161,5,2,1,32,41,23.0,153.6,35.0,10.939226054281292,1,2,2,2,3,1,1,0,13
524,2023/5/26,4,17,22,27,29,31,34,164,4,3,0,30,34,23.428571428571427,167.0,3.0,10.277112805600979,1,1,3,2,3,2,2,5,15
525,2023/6/2,11,14,17,18,21,25,31,137,5,2,1,20,27,19.571428571428573,156.8,-27.0,6.778818551368738,0,4,2,1,3,2,2,2,15
526,2023/6/9,4,13,17,19,20,26,29,128,4,3,1,25,38,18.285714285714285,143.2,-9.0,8.28078671210825,1,4,2,0,4,1,1,5,10
527,2023/6/16,4,8,12,25,27,32,34,142,2,5,0,30,32,20.285714285714285,146.4,14.0,12.092894411103375,2,1,2,2,0,2,1,3,17
528,2023/6/23,5,7,10,19,30,32,33,136,4,3,1,28,26,19.428571428571427,141.4,-6.0,12.286267983093195,3,1,1,2,3,1,1,3,12
529,2023/6/30,7,9,13,14,22,26,29,120,4,3,1,22,40,17.142857142857142,132.6,-16.0,8.552359741197579,2,2,3,0,3,1,1,2,11
530,2023/7/7,1,11,13,28,29,30,34,146,4,3,2,33,26,20.857142857142858,134.4,26.0,12.428845098245874,1,2,3,1,3,1,2,3,14
531,2023/7/14,4,6,9,11,14,28,30,102,2,5,0,26,32,14.571428571428571,129.2,-44.0,10.390013520317524,3,2,2,0,1,1,3,3,13
532,2023/7/21,4,9,13,18,26,28,36,134,2,5,0,32,44,19.142857142857142,127.6,32.0,11.408017231002816,2,2,2,1,1,2,3,1,15
533,2023/7/28,2,4,9,11,14,25,37,102,4,3,0,35,32,14.571428571428571,120.8,-32.0,12.421180068162375,3,2,1,1,3,1,2,3,16
534,2023/8/4,10,17,18,19,20,24,25,133,3,4,4,15,33,19.0,123.4,31.0,4.96655480858378,1,4,2,0,2,1,1,2,12
535,2023/8/11,5,11,12,19,29,32,36,144,4,3,1,31,34,20.571428571428573,123.0,11.0,11.900380145988935,1,3,1,2,4,2,1,2,15
536,2023/8/18,8,12,16,17,22,28,34,137,1,6,1,26,37,19.571428571428573,130.0,-7.0,9.089502055616007,1,3,2,1,1,2,1,2,11
537,2023/8/25,2,3,9,13,14,35,37,113,5,2,2,35,33,16.142857142857142,125.8,-24.0,14.311167800341234,3,2,0,2,4,1,0,3,12
538,2023/9/1,1,2,11,12,16,25,28,95,3,4,2,27,25,13.571428571428571,124.4,-18.0,10.373960074101289,2,3,2,0,2,2,1,3,16
539,2023/9/8,4,6,8,18,20,27,35,118,2,5,0,31,38,16.857142857142858,121.4,23.0,11.582005747833882,3,2,1,1,0,1,0,1,9
540,2023/9/15,3,7,10,18,19,28,36,121,3,4,1,33,41,17.285714285714285,116.8,3.0,11.77163661397295,3,2,1,1,3,1,1,5,14
541,2023/9/22,6,14,23,25,27,28,34,157,3,4,1,28,37,22.428571428571427,120.8,36.0,9.431456989902513,1,1,4,1,1,1,1,2,15
542,2023/9/29,2,9,26,31,33,35,36,172,4,3,1,34,32,24.571428571428573,132.6,15.0,13.575187449376685,2,0,1,4,2,1,0,3,12
543,2023/10/6,2,11,13,18,23,24,36,127,3,4,1,34,27,18.142857142857142,139.0,-45.0,10.915257997081753,1,3,2,1,4,1,2,1,16
544,2023/10/13,10,11,18,21,22,29,34,145,3,4,2,24,25,20.714285714285715,144.4,18.0,8.788520651286838,1,2,3,1,2,1,2,2,13
545,2023/10/20,3,12,16,17,27,30,34,139,3,4,1,31,29,19.857142857142858,148.0,-6.0,10.976164652381563,1,3,2,1,2,1,1,3,13
546,2023/10/27,7,14,17,28,33,35,36,170,4,3,1,29,40,24.285714285714285,150.6,31.0,11.54288071661902,1,2,1,3,2,1,1,4,16
547,2023/11/3,4,11,14,18,23,25,29,124,4,3,0,25,34,17.714285714285715,141.0,-46.0,8.712333895390023,1,3,3,0,3,1,1,2,16
548,2023/11/10,1,13,16,17,18,25,30,120,4,3,2,29,30,17.142857142857142,139.6,-4.0,9.191092996819828,1,4,2,0,2,0,2,3,15
549,2023/11/17,13,19,20,28,33,34,35,182,4,3,3,22,32,26.0,147.0,62.0,8.679477710861024,0,3,1,3,2,1,1,1,15
550,2023/11/24,7,8,13,22,24,29,30,133,3,4,2,23,33,19.0,145.8,-49.0,9.626352718795767,2,1,4,0,3,0,1,1,11
551,2023/12/1,15,16,17,22,29,32,37,168,4,3,2,22,38,24.0,145.4,35.0,8.717797887081348,0,3,2,2,3,2,2,1,10
552,2023/12/8,7,11,12,16,18,33,34,131,3,4,2,27,31,18.714285714285715,146.8,-37.0,10.703804397102395,1,4,0,2,2,0,1,3,19
553,2023/12/15,2,6,13,15,16,20,33,105,3,4,1,31,25,15.0,143.8,-26.0,10.03327796219494,2,4,0,1,2,2,2,4,14
554,2023/12/22,4,10,15,17,29,32,36,143,3,4,0,32,33,20.428571428571427,136.0,38.0,12.03961714309807,2,2,1,2,2,0,1,3,14
555,2023/12/29,9,12,17,19,26,32,34,149,3,4,0,25,39,21.285714285714285,139.2,6.0,9.655987533033336,1,3,1,2,2,2,2,1,13
556,2024/1/5,17,20,26,28,29,33,35,188,4,3,1,18,38,26.857142857142858,143.2,39.0,6.51737604225738,0,2,3,2,2,0,2,3,20
557,2024/1/12,3,5,7,10,17,18,35,95,5,2,1,32,35,13.571428571428571,136.0,-93.0,11.043205193800437,4,2,0,1,4,2,2,1,13
558,2024/1/19,15,20,21,22,23,26,34,161,3,4,3,19,21,23.0,147.2,66.0,5.887840577551898,0,2,4,1,1,0,0,1,13
559,2024/1/26,3,4,10,13,15,18,22,85,3,4,1,19,25,12.142857142857142,135.6,-76.0,7.010196655077312,3,3,1,0,2,1,2,1,16
560,2024/2/2,3,20,29,32,33,34,35,186,4,3,3,32,26,26.571428571428573,143.0,101.0,11.559370554621372,1,1,1,4,2,1,1,1,20
561,2024/2/9,6,8,19,20,27,32,37,149,3,4,1,31,39,21.285714285714285,135.2,-37.0,11.62919151265879,2,2,1,2,2,1,2,2,11
562,2024/2/16,2,14,15,20,28,30,34,143,1,6,1,32,23,20.428571428571427,144.8,-6.0,11.133390361986818,1,3,2,1,1,2,1,2,15
563,2024/2/23,1,4,6,14,16,19,31,91,3,4,0,30,31,13.0,130.8,-52.0,10.36018017861337,3,3,0,1,2,3,1,5,8
564,2024/3/1,9,13,15,18,22,24,30,131,3,4,0,21,31,18.714285714285715,140.0,40.0,7.158079018709925,1,3,3,0,1,0,0,4,11
565,2024/3/8,3,6,9,11,19,30,36,114,4,3,0,33,34,16.285714285714285,125.6,-17.0,12.566016150903273,3,2,1,1,3,2,2,1,12
566,2024/3/15,3,5,18,25,28,35,37,151,5,2,0,34,41,21.571428571428573,126.0,37.0,13.562904591287994,2,1,2,2,3,3,1,4,14
567,2024/3/22,6,8,16,18,19,34,37,138,2,5,1,31,48,19.714285714285715,125.0,-13.0,11.870331162388096,2,3,0,2,2,2,2,3,17
568,2024/3/29,8,18,20,29,30,33,34,172,2,5,2,26,32,24.571428571428573,141.2,34.0,9.554355775546265,1,2,2,2,1,2,3,3,19
569,2024/4/5,12,15,17,22,30,34,35,165,3,4,1,23,25,23.571428571428573,148.0,-7.0,9.431456989902513,0,3,2,2,1,2,2,4,15
570,2024/4/12,1,3,9,12,25,26,35,111,5,2,1,34,31,15.857142857142858,147.4,-54.0,12.91547613561048,3,1,2,1,1,1,2,1,11
571,2024/4/19,13,26,27,29,30,34,37,196,4,3,2,24,36,28.0,156.4,85.0,7.659416862050705,0,1,4,2,3,1,1,4,16
572,2024/4/26,1,2,4,19,21,26,28,101,3,4,1,27,31,14.428571428571429,149.0,-95.0,11.73111450882002,3,1,3,0,2,1,1,2,11
573,2024/5/3,11,12,18,19,23,26,31,140,4,3,2,20,30,20.0,142.6,39.0,7.2571803523590805,0,4,2,1,4,1,2,1,15
574,2024/5/10,4,5,13,16,22,23,35,118,4,3,2,31,28,16.857142857142858,133.2,-22.0,10.915257997081753,2,2,2,1,3,2,1,2,11
575,2024/5/17,2,12,18,20,25,28,30,135,1,6,0,28,25,19.285714285714285,138.0,17.0,9.810101693565427,1,3,3,0,1,3,0,1,17
576,2024/5/24,11,13,14,18,19,23,31,129,5,2,2,20,29,18.428571428571427,124.6,-6.0,6.876460883747852,0,5,1,1,5,2,1,4,14
577,2024/5/31,11,13,19,25,29,36,37,170,6,1,1,26,40,24.285714285714285,138.4,41.0,10.435744434622855,0,3,2,2,5,1,3,2,15
578,2024/6/7,2,15,19,20,22,31,36,145,3,4,1,34,25,20.714285714285715,139.4,-25.0,11.010817192111366,1,3,1,2,3,1,2,2,14
579,2024/6/14,7,19,23,33,34,35,36,187,5,2,3,29,37,26.714285714285715,153.2,42.0,10.873734190152675,1,1,1,4,3,1,2,3,15
580,2024/6/21,4,13,14,15,17,27,33,123,5,2,2,29,33,17.571428571428573,150.8,-64.0,9.589180410878761,1,4,1,1,2,3,1,1,10
581,2024/6/28,3,8,10,15,18,23,37,114,4,3,0,34,34,16.285714285714285,147.8,-9.0,11.279986491042232,3,2,1,1,3,2,1,3,11
582,2024/7/5,5,7,22,29,30,32,36,161,3,4,1,31,31,23.0,146.0,47.0,12.355835328567093,2,0,3,2,3,1,0,3,9
583,2024/7/12,1,5,8,9,20,30,37,110,4,3,1,36,30,15.714285714285714,139.0,-51.0,13.610220249433704,4,1,1,1,2,1,2,3,9
584,2024/7/19,10,11,12,17,23,30,36,139,3,4,2,26,19,19.857142857142858,129.4,29.0,10.155927192672127,1,3,2,1,3,1,1,2,16
585,2024/7/26,6,11,13,14,16,27,34,121,3,4,1,28,31,17.285714285714285,129.0,-18.0,9.759000729485331,1,4,1,1,2,2,1,3,10
586,2024/8/2,1,2,4,14,15,22,23,81,3,4,3,22,21,11.571428571428571,122.4,-40.0,9.289010404005062,3,2,2,0,2,2,1,2,15
587,2024/8/9,15,18,21,22,23,25,32,156,4,3,2,17,26,22.285714285714285,121.4,75.0,5.407226205560041,0,2,4,1,1,2,3,4,14
588,2024/8/16,3,5,9,13,15,21,31,97,7,0,0,28,27,13.857142857142858,118.8,-59.0,9.719886340703294,3,2,1,1,4,3,2,2,13
589,2024/8/23,1,6,8,9,14,29,33,100,4,3,1,32,40,14.285714285714286,111.0,3.0,12.106668764421887,4,1,1,1,1,1,1,3,13
590,2024/8/30,1,3,9,10,15,25,35,98,6,1,1,34,28,14.0,106.4,-2.0,12.206555615733702,4,1,1,1,1,2,2,3,16
591,2024/9/6,4,7,8,11,21,23,35,109,5,2,1,31,29,15.571428571428571,112.0,11.0,11.163290178932357,3,1,2,1,3,1,1,3,14
592,2024/9/13,3,8,11,15,19,24,32,112,4,3,0,29,32,16.0,103.2,3.0,9.899494936611665,2,3,1,1,3,0,2,3,14
593,2024/9/20,3,8,9,14,15,22,32,103,3,4,2,29,33,14.714285714285714,104.4,-9.0,9.72478424292429,3,2,1,1,1,1,4,2,23
594,2024/9/27,5,12,21,25,27,34,36,160,4,3,0,31,30,22.857142857142858,116.4,57.0,11.246163366952771,1,1,3,2,1,1,0,1,10
595,2024/10/4,14,15,16,19,25,28,33,150,4,3,2,19,40,21.428571428571427,126.8,-10.0,7.322502824789322,0,4,2,1,1,1,1,2,16
596,2024/10/11,1,9,16,19,23,29,32,129,5,2,0,31,39,18.428571428571427,130.8,-21.0,10.9217999563128,2,2,2,1,3,2,2,3,17
597,2024/10/18,2,4,14,15,22,27,34,118,2,5,1,32,28,16.857142857142858,132.0,-11.0,11.696560340951685,2,2,2,1,1,3,0,3,14
598,2024/10/25,1,4,7,11,12,18,26,79,3,4,1,25,29,11.285714285714286,127.2,-39.0,8.557925872435169,3,3,1,0,2,1,1,2,9
599,2024/11/1,4,7,16,19,26,31,33,136,4,3,0,29,36,19.428571428571427,122.4,57.0,11.296860077873303,2,2,1,2,3,1,3,1,13
600,2024/11/8,1,2,12,16,19,29,32,111,3,4,1,31,31,15.857142857142858,114.6,-25.0,12.047524938461724,2,3,1,1,3,3,2,1,17
601,2024/11/15,4,8,18,20,29,35,37,151,3,4,0,33,41,21.571428571428573,119.0,40.0,12.791366135759214,2,2,1,2,2,1,1,2,11
602,2024/11/22,7,15,18,24,29,31,34,158,4,3,0,27,38,22.571428571428573,127.0,7.0,9.710083124552245,1,2,2,2,3,1,2,2,15
603,2024/11/29,4,9,10,23,28,30,34,138,2,5,1,30,28,19.714285714285715,138.8,-20.0,11.870331162388094,3,0,3,1,1,2,1,3,11
604,2024/12/6,4,6,9,12,25,31,36,123,3,4,0,32,33,17.571428571428573,136.2,-15.0,12.895181824453438,3,1,1,2,1,1,2,2,15
605,2024/12/13,2,8,15,26,28,31,32,142,2,5,1,30,32,20.285714285714285,142.4,19.0,11.954277975049848,2,1,2,2,2,2,1,3,15
606,2024/12/20,9,17,18,20,22,27,36,149,3,4,1,27,39,21.285714285714285,142.0,7.0,8.479667558622914,1,3,2,1,1,1,0,2,10
607,2024/12/27,12,14,20,27,31,34,37,175,3,4,0,25,25,25.0,145.4,26.0,9.83192080250175,0,3,1,3,2,2,2,1,16
608,2025/1/10,7,10,11,18,20,29,30,125,3,4,2,23,25,17.857142857142858,142.8,-50.0,9.15475416434127,2,3,2,0,3,2,1,2,16
609,2025/1/17,4,11,12,23,26,32,37,145,3,4,1,33,25,20.714285714285715,147.2,20.0,12.079104350272079,1,2,2,2,3,1,1,2,15
610,2025/1/24,1,8,9,23,24,31,36,132,4,3,2,35,32,18.857142857142858,145.2,-13.0,13.031098334734637,3,0,2,2,2,1,1,3,15
611,2025/1/31,7,8,11,18,20,30,34,128,2,5,1,27,28,18.285714285714285,141.0,-4.0,10.59424821486146,2,3,1,1,2,2,1,3,20
612,2025/2/7,5,13,16,23,27,31,34,149,5,2,0,29,29,21.285714285714285,135.8,21.0,10.435744434622855,1,2,2,2,4,1,1,1,14
613,2025/2/14,3,5,6,10,19,21,35,99,5,2,1,32,29,14.142857142857142,130.6,-50.0,11.524301445620198,4,1,1,1,3,1,1,2,4
614,2025/2/21,14,21,22,23,24,28,34,166,2,5,3,20,26,23.714285714285715,134.8,67.0,6.183695920571712,0,1,5,1,1,2,1,2,11
615,2025/2/28,4,11,21,26,27,28,33,150,4,3,2,29,30,21.428571428571427,138.4,-16.0,10.341778423094402,1,1,4,1,1,1,2,3,13
616,2025/3/7,7,15,20,28,29,34,36,169,3,4,1,29,39,24.142857142857142,146.6,19.0,10.574002260711117,1,2,2,2,2,0,1,4,15
617,2025/3/14,2,6,10,12,25,28,35,118,2,5,0,33,28,16.857142857142858,140.4,-51.0,12.442247538508619,3,1,2,1,1,2,1,3,9
618,2025/3/21,7,17,20,23,24,34,36,161,3,4,1,29,31,23.0,152.8,43.0,9.93310961716756,1,2,2,2,3,2,0,4,18
619,2025/3/28,8,9,18,20,27,29,32,143,3,4,1,24,43,20.428571428571427,148.2,-18.0,9.501879513323365,2,2,2,1,1,2,1,2,11
620,2025/4/4,2,4,8,10,12,29,32,97,1,6,0,30,27,13.857142857142858,137.6,-46.0,11.894376422334652,4,1,1,1,2,2,3,2,11
621,2025/4/11,1,2,12,13,14,30,36,108,2,5,3,35,18,15.428571428571429,125.4,11.0,13.189100839419682,2,3,1,1,2,1,2,3,9
622,2025/4/18,1,10,28,29,30,33,34,165,3,4,3,33,25,23.571428571428573,134.8,57.0,12.791366135759214,2,0,3,2,1,1,2,2,17
623,2025/4/25,9,12,22,26,28,31,37,165,3,4,0,28,35,23.571428571428573,135.6,0.0,10.080627342534175,1,1,3,2,2,1,1,3,11
624,2025/5/2,2,14,15,26,27,34,36,154,2,5,2,34,34,22.0,137.8,-11.0,12.206555615733702,1,2,2,2,1,2,1,2,17
625,2025/5/9,3,10,12,18,19,24,32,118,2,5,1,29,28,16.857142857142858,142.0,-36.0,9.564318610135825,2,3,1,1,2,1,0,1,11
626,2025/5/16,1,3,7,12,17,32,34,106,4,3,0,33,26,15.142857142857142,141.6,-12.0,13.334523756382294,3,2,0,2,3,2,3,1,18
627,2025/5/23,9,15,21,30,33,34,37,179,5,2,1,28,29,25.571428571428573,144.4,73.0,10.674848052894287,1,1,2,3,1,0,1,1,11
628,2025/5/30,1,8,9,11,18,27,35,109,5,2,1,34,39,15.571428571428571,133.2,-70.0,11.88636674033383,3,2,1,1,1,2,1,2,12
629,2025/6/6,2,7,9,21,23,24,30,116,4,3,1,28,26,16.571428571428573,125.6,7.0,10.469911538262757,3,0,4,0,3,0,1,3,13
630,2025/6/13,4,6,8,23,28,29,34,132,2,5,1,30,42,18.857142857142858,128.4,16.0,12.495713550768405,3,0,3,1,2,2,1,4,12
631,2025/6/20,2,3,6,17,33,35,36,132,4,3,2,34,32,18.857142857142858,133.6,0.0,15.593038739862644,3,1,0,3,3,2,1,3,12
632,2025/6/27,5,7,10,11,29,31,37,130,6,1,1,32,30,18.571428571428573,123.8,-2.0,13.239551136111611,3,1,1,2,6,2,0,3,10
633,2025/7/4,2,5,10,17,21,31,36,122,4,3,0,34,22,17.428571428571427,126.4,-8.0,12.843378875996027,3,1,1,2,4,1,3,2,14
634,2025/7/11,2,12,18,29,32,36,37,166,2,5,1,35,36,23.714285714285715,136.4,44.0,13.32559299136172,1,2,1,3,3,2,2,3,17
635,2025/7/18,10,12,20,29,30,31,34,166,2,5,2,24,16,23.714285714285715,143.2,0.0,9.707630773679808,1,2,2,2,2,2,2,2,16
636,2025/7/25,10,14,17,20,26,27,29,143,3,4,1,19,33,20.428571428571427,145.4,-23.0,7.184639700016113,1,3,3,0,2,2,3,1,12
637,2025/8/1,1,4,7,8,9,20,21,70,4,3,3,20,30,10.0,133.4,-73.0,7.659416862050705,5,1,1,0,1,1,1,2,14
638,2025/8/8,1,6,18,19,35,36,37,152,4,3,3,36,42,21.714285714285715,139.4,82.0,14.784161409137434,2,2,0,3,2,1,1,2,13
639,2025/8/15,5,9,12,15,30,31,34,136,4,3,1,29,26,19.428571428571427,133.4,-16.0,11.900380145988933,2,2,1,2,2,1,0,2,13
640,2025/8/22,2,7,9,12,13,14,29,86,4,3,2,27,36,12.285714285714286,117.4,-50.0,8.440266301373153,3,3,1,0,4,2,2,3,16
641,2025/8/29,1,3,7,23,24,33,36,127,5,2,1,35,27,18.142857142857142,114.2,41.0,14.404033826542843,3,0,2,2,3,2,1,2,11
642,2025/9/5,1,7,22,23,33,34,35,155,5,2,3,34,25,22.142857142857142,131.2,28.0,13.545338330074683,2,0,2,3,2,1,4,4,12
643,2025/9/12,1,5,15,16,18,27,34,116,4,3,1,33,36,16.571428571428573,124.0,-39.0,11.501552690211625,2,3,1,1,1,1,2,1,13
644,2025/9/19,1,11,12,14,20,26,29,113,3,4,1,28,23,16.142857142857142,119.4,-3.0,9.616454152970858,1,4,2,0,2,1,1,2,19
645,2025/9/26,7,10,16,20,26,32,35,146,2,5,0,28,26,20.857142857142858,131.4,33.0,10.683766056164705,2,2,1,2,1,2,2,1,15
646,2025/10/3,5,12,13,15,18,35,37,135,5,2,1,32,35,19.285714285714285,133.0,-11.0,12.092894411103375,1,4,0,2,3,2,1,1,14
647,2025/10/10,4,5,9,13,17,22,28,98,4,3,1,24,38,14.0,121.6,-37.0,8.906926143924924,3,2,2,0,3,0,2,3,10
648,2025/10/17,3,17,19,24,28,29,35,155,5,2,1,32,45,22.142857142857142,129.4,57.0,10.431180365113232,1,2,3,1,4,1,2,2,11
649,2025/10/24,12,22,23,26,33,35,37,188,4,3,1,25,28,26.857142857142858,144.4,33.0,8.820970684087087,0,1,3,3,2,2,1,1,17
650,2025/10/31,1,8,10,14,25,33,35,126,4,3,0,34,26,18.0,140.4,-62.0,13.114877048604,3,1,1,2,0,1,2,1,15
651,2025/11/7,2,13,19,20,24,26,35,139,3,4,1,33,29,19.857142857142858,141.2,13.0,10.415190371577012,1,3,2,1,3,0,1,4,16
652,2025/11/14,1,16,21,26,27,30,35,156,4,3,1,34,26,22.285714285714285,152.8,17.0,11.190982764623277,1,1,4,1,0,2,2,3,18
653,2025/11/21,6,7,12,25,26,30,33,139,3,4,2,27,29,19.857142857142858,149.6,-17.0,11.246163366952771,2,1,3,1,1,1,2,2,13
654,2025/11/28,3,12,25,29,30,32,33,164,4,3,2,30,24,23.428571428571427,144.8,25.0,11.472534489773723,1,1,3,2,2,2,4,3,15
655,2025/12/5,4,5,12,13,24,26,33,117,3,4,2,29,27,16.714285714285715,143.0,-47.0,11.101265479128731,2,2,2,1,2,2,2,5,21
656,2025/12/12,1,4,6,20,30,34,37,132,2,5,0,36,22,18.857142857142858,141.6,15.0,15.214341605084016,3,1,1,2,1,2,1,3,11
657,2025/12/19,9,11,16,23,27,29,32,147,5,2,0,23,37,21.0,139.8,15.0,9.073771725877465,1,2,3,1,3,1,0,1,7
658,2025/12/26,10,12,16,18,19,22,37,134,2,5,1,27,34,19.142857142857142,138.8,-13.0,8.877472827867388,1,4,1,1,2,1,1,3,12
659,2026/1/9,2,8,9,14,27,34,36,130,2,5,1,34,40,18.571428571428573,132.0,-4.0,13.611969522655944,3,1,1,2,1,1,0,2,7
660,2026/1/16,4,6,12,13,16,17,31,99,3,4,2,27,29,14.142857142857142,128.4,-31.0,8.85867882227313,2,4,0,1,3,1,0,1,13
661,2026/1/23,7,12,17,22,31,34,35,158,4,3,1,28,28,22.571428571428573,133.6,59.0,11.11841030089498,1,2,1,3,3,2,3,3,13
662,2026/1/30,4,14,15,21,22,24,37,137,3,4,2,33,27,19.571428571428573,131.6,-21.0,10.212037714663724,1,2,3,1,1,2,1,1,10
663,2026/2/6,4,6,10,11,13,17,23,84,4,3,1,19,24,12.0,121.6,-53.0,6.48074069840786,3,3,1,0,4,1,1,2,14
664,2026/2/13,3,6,8,14,21,22,31,105,3,4,1,28,25,15.0,116.6,21.0,10.132456102380441,3,1,2,1,2,1,1,3,13
665,2026/2/20,6,8,14,19,22,25,35,129,3,4,0,29,39,18.428571428571427,122.6,24.0,10.113640011673061,2,2,2,1,1,1,4,1,15
666,2026/2/27,2,17,18,22,23,25,33,140,4,3,2,31,30,20.0,119.0,11.0,9.521904571390467,1,2,3,1,3,2,2,2,13
