draw_id,date,num1,num2,num3,num4,num5,num6
1,2000/10/5,2,8,10,13,27,30
2,2000/10/12,1,9,16,20,21,43
3,2000/10/19,1,5,15,31,36,38
4,2000/10/26,16,18,26,27,34,40
5,2000/11/2,9,15,21,23,27,28
6,2000/11/9,6,12,23,25,28,38
7,2000/11/16,7,19,21,23,33,35
8,2000/11/23,11,16,18,20,42,43
9,2000/11/30,11,19,23,38,39,42
10,2000/12/7,1,3,19,21,35,39
11,2000/12/14,12,26,32,37,40,42
12,2000/12/21,14,17,27,28,35,39
13,2000/12/28,13,29,31,37,41,42
14,2001/1/4,2,8,11,35,37,38
15,2001/1/11,4,6,11,20,21,28
16,2001/1/18,5,12,13,29,34,35
17,2001/1/25,14,20,25,34,35,36
18,2001/2/1,6,16,18,27,36,41
19,2001/2/8,4,8,12,30,33,43
20,2001/2/15,7,29,33,35,37,39
21,2001/2/22,5,7,13,19,38,41
22,2001/3/1,8,12,16,19,20,35
23,2001/3/8,7,10,28,32,33,40
24,2001/3/15,15,18,19,30,36,38
25,2001/3/22,11,32,34,37,40,43
26,2001/3/29,3,4,11,12,13,43
27,2001/4/5,4,8,20,30,33,38
28,2001/4/12,6,11,15,20,31,41
29,2001/4/19,8,12,20,35,37,40
30,2001/4/26,4,16,17,19,26,37
31,2001/5/3,7,18,22,25,28,43
32,2001/5/10,3,6,7,23,29,41
33,2001/5/17,8,17,22,25,29,41
34,2001/5/24,2,20,25,30,37,40
35,2001/5/31,3,5,13,30,32,41
36,2001/6/7,1,16,20,23,30,40
37,2001/6/14,3,5,9,17,21,41
38,2001/6/21,2,9,26,27,34,43
39,2001/6/28,10,18,22,25,39,42
40,2001/7/5,5,17,25,34,38,39
41,2001/7/12,18,21,27,33,36,38
42,2001/7/19,4,15,21,24,33,37
43,2001/7/26,1,2,3,15,24,26
44,2001/8/2,3,16,24,31,34,42
45,2001/8/9,7,9,28,32,36,38
46,2001/8/16,11,14,21,24,25,42
47,2001/8/23,3,11,14,25,27,31
48,2001/8/30,2,5,28,30,33,40
49,2001/9/6,2,13,21,31,32,41
50,2001/9/13,5,13,15,25,27,39
51,2001/9/20,7,15,24,37,38,41
52,2001/9/27,1,16,24,25,36,42
53,2001/10/4,2,15,23,37,40,43
54,2001/10/11,14,25,26,31,37,42
55,2001/10/18,11,12,13,14,37,39
56,2001/10/25,10,13,25,31,32,42
57,2001/11/1,2,14,22,27,35,42
58,2001/11/8,4,8,9,13,16,25
59,2001/11/15,9,15,17,30,32,41
60,2001/11/22,20,21,23,28,30,42
61,2001/11/29,4,8,22,25,27,28
62,2001/12/6,2,3,9,12,15,30
63,2001/12/13,11,16,20,28,34,40
64,2001/12/20,2,14,19,22,32,41
65,2001/12/27,2,10,22,23,31,43
66,2002/1/10,7,15,17,30,33,35
67,2002/1/17,1,4,6,11,18,25
68,2002/1/24,16,23,30,35,37,39
69,2002/1/31,1,9,31,35,40,41
70,2002/2/7,6,11,20,23,24,31
71,2002/2/14,1,10,11,13,19,20
72,2002/2/21,10,12,24,29,33,37
73,2002/2/28,1,6,15,19,27,36
74,2002/3/7,3,14,27,28,40,43
75,2002/3/14,2,4,9,19,23,31
76,2002/3/21,1,10,12,16,20,35
77,2002/3/28,5,10,15,28,37,38
78,2002/4/4,5,14,23,32,33,43
79,2002/4/11,20,22,27,32,36,43
80,2002/4/18,1,4,12,16,19,34
81,2002/4/25,1,11,15,23,26,27
82,2002/5/2,10,12,19,25,26,39
83,2002/5/9,1,16,21,28,35,37
84,2002/5/16,17,19,26,28,35,37
85,2002/5/23,5,13,18,22,23,32
86,2002/5/30,3,7,16,24,29,36
87,2002/6/6,3,8,12,36,39,41
88,2002/6/13,5,6,8,20,21,26
89,2002/6/20,3,13,23,30,35,43
90,2002/6/27,13,15,17,18,30,32
91,2002/7/4,13,15,17,26,41,43
92,2002/7/11,5,17,20,24,28,40
93,2002/7/18,10,23,33,36,37,41
94,2002/7/25,11,16,17,18,29,40
95,2002/8/1,2,3,12,15,25,27
96,2002/8/8,1,13,15,34,36,43
97,2002/8/15,4,10,17,34,35,42
98,2002/8/22,7,16,34,37,38,39
99,2002/8/29,5,9,12,28,29,39
100,2002/9/5,6,8,11,14,31,33
101,2002/9/12,21,27,29,30,36,40
102,2002/9/19,4,5,18,27,35,36
103,2002/9/26,1,16,17,27,29,34
104,2002/10/3,1,11,17,26,28,35
105,2002/10/10,1,9,14,22,25,34
106,2002/10/17,8,11,21,22,25,27
107,2002/10/24,4,5,11,12,28,32
108,2002/10/31,9,22,23,25,34,37
109,2002/11/7,2,5,12,18,30,41
110,2002/11/14,5,6,8,19,37,41
111,2002/11/21,11,15,21,31,32,43
112,2002/11/28,16,18,23,25,29,30
113,2002/12/5,3,17,27,29,30,42
114,2002/12/12,7,13,14,29,38,42
115,2002/12/19,8,9,11,27,37,39
116,2002/12/26,8,10,15,16,26,31
117,2003/1/9,5,7,19,20,38,43
118,2003/1/16,9,13,21,30,32,37
119,2003/1/23,3,4,11,12,15,30
120,2003/1/30,15,18,22,25,36,40
121,2003/2/6,3,8,10,22,28,41
122,2003/2/13,19,20,21,25,33,42
123,2003/2/20,14,21,26,28,29,31
124,2003/2/27,4,17,23,30,39,40
125,2003/3/6,11,15,19,30,36,41
126,2003/3/13,5,6,9,10,21,38
127,2003/3/20,14,16,21,26,37,40
128,2003/3/27,6,10,18,20,29,39
129,2003/4/3,6,18,25,26,30,42
130,2003/4/10,22,30,31,34,38,39
131,2003/4/17,6,30,33,34,40,43
132,2003/4/24,3,18,23,31,32,37
133,2003/5/1,17,24,26,35,40,41
134,2003/5/8,2,6,11,14,18,19
135,2003/5/15,7,13,30,33,35,36
136,2003/5/22,3,13,26,31,32,39
137,2003/5/29,10,13,20,22,25,42
138,2003/6/5,7,9,10,16,23,29
139,2003/6/12,10,21,22,28,37,41
140,2003/6/19,17,19,29,37,39,40
141,2003/6/26,8,9,14,24,32,39
142,2003/7/3,2,16,22,27,29,39
143,2003/7/10,17,21,22,27,33,41
144,2003/7/17,1,16,19,33,38,41
145,2003/7/24,1,4,10,21,23,38
146,2003/7/31,7,17,27,36,37,39
147,2003/8/7,16,18,20,29,30,38
148,2003/8/14,3,16,18,20,28,29
149,2003/8/21,8,9,13,20,33,37
150,2003/8/28,10,11,18,20,31,43
151,2003/9/4,3,8,17,25,28,32
152,2003/9/11,4,8,12,16,31,33
153,2003/9/18,4,7,8,12,25,26
154,2003/9/25,7,9,18,26,27,38
155,2003/10/2,5,6,7,18,22,27
156,2003/10/9,6,20,22,29,30,35
157,2003/10/16,5,8,17,19,25,27
158,2003/10/23,1,6,12,35,37,38
159,2003/10/30,12,23,30,31,38,42
160,2003/11/6,4,10,20,30,31,32
161,2003/11/13,23,26,28,33,38,42
162,2003/11/20,3,22,25,30,33,37
163,2003/11/27,2,3,11,17,24,34
164,2003/12/4,1,2,13,14,35,38
165,2003/12/11,9,11,16,21,25,36
166,2003/12/18,14,18,20,28,34,38
167,2003/12/25,10,14,17,19,29,42
168,2004/1/8,1,6,31,32,36,39
169,2004/1/15,3,15,17,19,26,36
170,2004/1/22,10,12,15,17,30,31
171,2004/1/29,5,6,17,23,32,33
172,2004/2/5,10,11,22,23,33,34
173,2004/2/12,6,10,22,30,31,35
174,2004/2/19,2,9,16,36,38,42
175,2004/2/26,2,3,10,22,28,40
176,2004/3/4,8,19,25,31,34,37
177,2004/3/11,6,18,19,30,36,41
178,2004/3/18,10,22,27,30,36,39
179,2004/3/25,3,6,11,13,15,16
180,2004/4/1,4,10,11,12,20,36
181,2004/4/8,1,2,7,21,29,30
182,2004/4/15,22,23,28,37,40,43
183,2004/4/22,14,29,31,36,38,40
184,2004/4/29,5,7,23,31,39,42
185,2004/5/6,8,13,14,18,35,41
186,2004/5/13,7,16,18,33,36,41
187,2004/5/20,12,21,22,27,39,40
188,2004/5/27,3,8,18,25,26,39
189,2004/6/3,3,32,35,36,39,40
190,2004/6/10,17,23,30,31,39,43
191,2004/6/17,4,7,25,27,34,43
192,2004/6/24,3,7,19,27,39,41
193,2004/7/1,3,4,18,31,40,43
194,2004/7/8,4,11,12,21,36,38
195,2004/7/15,5,10,12,22,26,41
196,2004/7/22,4,5,11,16,30,33
197,2004/7/29,9,10,17,22,28,30
198,2004/8/5,4,5,6,17,20,42
199,2004/8/12,3,14,24,25,33,36
200,2004/8/19,4,7,11,19,25,28
201,2004/8/26,10,13,16,17,24,39
202,2004/9/2,9,18,26,28,33,40
203,2004/9/9,12,18,20,27,35,37
204,2004/9/16,2,17,20,25,39,42
205,2004/9/23,4,7,9,16,18,34
206,2004/9/30,1,3,16,22,41,43
207,2004/10/7,17,21,23,30,31,34
208,2004/10/14,18,24,29,32,35,39
209,2004/10/21,8,27,30,35,40,41
210,2004/10/28,1,6,21,22,37,40
211,2004/11/4,10,14,23,26,33,36
212,2004/11/11,1,11,17,32,35,39
213,2004/11/18,4,7,18,26,29,43
214,2004/11/25,4,7,9,11,20,36
215,2004/12/2,1,4,13,18,22,31
216,2004/12/9,9,21,29,33,35,41
217,2004/12/16,8,19,23,27,29,39
218,2004/12/23,8,10,18,22,31,36
219,2004/12/30,27,28,29,34,35,39
220,2005/1/6,23,25,26,29,33,37
221,2005/1/13,8,27,30,31,38,42
222,2005/1/20,4,14,15,22,29,31
223,2005/1/27,7,9,19,26,30,32
224,2005/2/3,12,17,18,19,30,35
225,2005/2/10,9,11,21,31,35,38
226,2005/2/17,8,26,36,40,42,43
227,2005/2/24,6,13,17,29,32,36
228,2005/3/3,5,8,17,26,36,39
229,2005/3/10,8,16,21,24,27,36
230,2005/3/17,4,9,18,31,36,42
231,2005/3/24,1,4,6,16,18,43
232,2005/3/31,1,5,7,26,39,43
233,2005/4/7,6,18,26,40,41,42
234,2005/4/14,11,17,24,26,27,30
235,2005/4/21,6,21,23,24,28,39
236,2005/4/28,1,8,9,14,34,38
237,2005/5/5,1,3,11,13,27,37
238,2005/5/12,5,10,15,20,33,37
239,2005/5/19,4,9,18,30,31,40
240,2005/5/26,11,15,26,31,36,39
241,2005/6/2,8,14,27,33,36,40
242,2005/6/9,1,10,13,22,29,32
243,2005/6/16,5,34,35,38,42,43
244,2005/6/23,11,12,30,36,38,39
245,2005/6/30,3,6,18,24,28,36
246,2005/7/7,16,28,32,34,39,42
247,2005/7/14,8,16,30,32,34,39
248,2005/7/21,11,32,35,36,39,41
249,2005/7/28,1,3,17,23,33,35
250,2005/8/4,3,8,9,13,22,42
251,2005/8/11,2,12,19,25,29,36
252,2005/8/18,2,6,13,22,32,33
253,2005/8/25,15,16,19,22,36,43
254,2005/9/1,12,13,22,23,25,29
255,2005/9/8,6,7,12,17,34,42
256,2005/9/15,15,17,18,28,30,37
257,2005/9/22,7,15,29,30,39,40
258,2005/9/29,3,15,16,17,25,31
259,2005/10/6,1,12,15,23,34,42
260,2005/10/13,11,15,21,31,37,41
261,2005/10/20,6,17,18,21,35,41
262,2005/10/27,5,7,11,19,21,25
263,2005/11/3,1,5,13,22,39,41
264,2005/11/10,2,5,6,8,20,27
265,2005/11/17,2,3,16,22,23,28
266,2005/11/24,11,15,18,24,30,39
267,2005/12/1,3,5,8,22,35,38
268,2005/12/8,3,6,8,14,24,36
269,2005/12/15,1,10,13,15,21,23
270,2005/12/22,17,19,21,29,33,38
271,2005/12/29,9,10,19,25,40,41
272,2006/1/5,7,12,13,20,23,26
273,2006/1/12,4,18,20,21,29,40
274,2006/1/19,4,5,14,27,31,39
275,2006/1/26,4,13,15,31,33,40
276,2006/2/2,6,11,27,30,33,36
277,2006/2/9,7,9,18,20,30,38
278,2006/2/16,9,13,14,17,22,38
279,2006/2/23,7,11,12,23,30,43
280,2006/3/2,6,12,26,37,38,39
281,2006/3/9,3,9,10,11,19,35
282,2006/3/16,1,9,17,31,41,43
283,2006/3/23,6,9,16,22,27,37
284,2006/3/30,20,26,30,33,35,38
285,2006/4/6,1,3,9,14,16,29
286,2006/4/13,10,11,14,28,31,41
287,2006/4/20,1,5,18,34,35,39
288,2006/4/27,3,4,11,25,28,33
289,2006/5/4,7,9,12,17,34,38
290,2006/5/11,11,13,15,17,22,43
291,2006/5/18,10,15,20,28,41,43
292,2006/5/25,7,14,27,31,34,39
293,2006/6/1,6,8,15,17,36,43
294,2006/6/8,2,5,13,14,17,20
295,2006/6/15,9,12,18,20,37,43
296,2006/6/22,4,19,27,30,31,37
297,2006/6/29,6,8,9,20,38,40
298,2006/7/6,12,25,29,31,35,40
299,2006/7/13,2,4,5,17,35,41
300,2006/7/20,4,7,29,33,36,39
301,2006/7/27,4,5,6,9,10,11
302,2006/8/3,2,4,13,23,38,40
303,2006/8/10,4,24,31,35,37,39
304,2006/8/17,3,7,8,15,17,31
305,2006/8/24,1,2,5,23,31,34
306,2006/8/31,1,20,25,28,31,42
307,2006/9/7,1,7,11,32,33,40
308,2006/9/14,3,13,18,20,23,28
309,2006/9/21,1,4,26,36,41,42
310,2006/9/28,3,4,5,18,28,37
311,2006/10/5,1,16,22,36,37,42
312,2006/10/12,2,17,22,29,38,42
313,2006/10/19,1,19,21,31,32,40
314,2006/10/26,3,8,14,30,38,43
315,2006/11/2,1,2,17,24,40,41
316,2006/11/9,3,4,20,30,40,41
317,2006/11/16,7,8,15,30,35,36
318,2006/11/23,2,7,13,16,36,37
319,2006/11/30,15,20,23,28,37,40
320,2006/12/7,1,5,25,27,38,41
321,2006/12/14,21,29,31,36,38,41
322,2006/12/21,18,19,22,25,35,42
323,2006/12/28,9,11,21,23,33,39
324,2007/1/4,5,13,27,37,39,41
325,2007/1/11,6,7,18,29,33,39
326,2007/1/18,1,7,9,14,23,43
327,2007/1/25,6,12,14,28,31,36
328,2007/2/1,3,7,10,12,19,36
329,2007/2/8,6,8,15,17,39,40
330,2007/2/15,5,12,16,19,28,39
331,2007/2/22,2,8,17,24,32,38
332,2007/3/1,7,8,16,24,26,34
333,2007/3/8,1,5,7,15,41,42
334,2007/3/15,11,14,17,18,34,36
335,2007/3/22,4,5,10,23,36,42
336,2007/3/29,3,6,13,17,20,29
337,2007/4/5,5,15,16,20,34,39
338,2007/4/12,8,10,25,31,39,40
339,2007/4/19,3,5,9,26,34,36
340,2007/4/26,4,10,13,31,35,42
341,2007/5/3,4,14,23,25,28,35
342,2007/5/10,8,15,26,27,34,38
343,2007/5/17,13,28,29,37,38,41
344,2007/5/24,8,11,16,20,28,36
345,2007/5/31,10,21,22,25,35,37
346,2007/6/7,4,9,11,12,32,38
347,2007/6/14,8,20,23,27,32,33
348,2007/6/21,4,5,6,27,36,38
349,2007/6/28,8,13,15,19,20,30
350,2007/7/5,13,18,25,26,29,40
351,2007/7/12,3,13,16,24,26,43
352,2007/7/19,6,8,24,25,34,38
353,2007/7/26,1,9,15,16,22,26
354,2007/8/2,4,6,22,31,34,41
355,2007/8/9,1,11,24,26,36,37
356,2007/8/16,1,5,8,12,17,29
357,2007/8/23,2,10,11,12,19,38
358,2007/8/30,12,31,32,34,39,42
359,2007/9/6,3,5,19,20,23,27
360,2007/9/13,2,3,6,14,26,42
361,2007/9/20,1,21,28,30,37,43
362,2007/9/27,7,10,15,20,37,40
363,2007/10/4,3,6,7,22,27,31
364,2007/10/11,7,11,12,19,33,42
365,2007/10/18,6,19,20,28,36,37
366,2007/10/25,12,13,15,18,30,41
367,2007/11/1,10,13,17,38,41,43
368,2007/11/8,7,10,18,21,33,35
369,2007/11/15,3,9,12,16,18,37
370,2007/11/22,2,11,13,15,16,32
371,2007/11/29,14,15,23,24,32,34
372,2007/12/6,7,19,28,33,35,39
373,2007/12/13,7,14,15,19,35,43
374,2007/12/20,4,24,25,26,27,34
375,2007/12/27,7,9,14,17,36,37
376,2008/1/10,20,21,25,27,34,38
377,2008/1/17,2,3,8,20,21,24
378,2008/1/24,11,13,19,26,36,43
379,2008/1/31,8,13,15,21,33,34
380,2008/2/7,17,22,25,26,27,43
381,2008/2/14,4,13,15,22,39,41
382,2008/2/21,2,6,15,28,29,43
383,2008/2/28,7,12,17,18,24,28
384,2008/3/6,17,19,20,22,33,41
385,2008/3/13,6,31,34,35,37,40
386,2008/3/20,2,9,11,15,23,25
387,2008/3/27,12,16,19,27,30,32
388,2008/4/3,5,12,14,18,20,31
389,2008/4/10,6,12,22,25,31,35
390,2008/4/17,5,16,17,22,39,43
391,2008/4/24,8,20,23,24,29,38
392,2008/5/1,10,15,18,30,31,37
393,2008/5/8,7,18,27,37,38,43
394,2008/5/15,14,27,28,31,37,40
395,2008/5/22,15,21,26,28,42,43
396,2008/5/29,9,12,21,26,33,40
397,2008/6/5,15,16,23,30,39,43
398,2008/6/12,2,31,36,37,39,43
399,2008/6/19,1,14,17,28,31,37
400,2008/6/26,4,9,19,22,23,33
401,2008/7/3,14,15,27,34,35,42
402,2008/7/10,3,18,23,24,29,33
403,2008/7/17,8,10,13,20,24,33
404,2008/7/24,3,10,14,18,26,43
405,2008/7/31,6,13,19,20,30,31
406,2008/8/7,1,2,4,16,36,37
407,2008/8/14,11,18,19,30,37,39
408,2008/8/21,12,20,23,28,31,32
409,2008/8/28,6,13,17,27,28,36
410,2008/9/4,2,12,16,20,42,43
411,2008/9/11,2,4,6,24,35,39
412,2008/9/18,2,6,7,9,16,19
413,2008/9/25,2,14,15,26,35,37
414,2008/10/2,1,2,4,5,9,25
415,2008/10/9,9,28,33,34,37,43
416,2008/10/16,12,15,22,24,29,37
417,2008/10/23,3,20,23,30,31,37
418,2008/10/30,3,12,16,25,32,36
419,2008/11/6,5,8,16,25,26,30
420,2008/11/13,14,19,21,28,29,31
421,2008/11/20,2,6,8,10,25,34
422,2008/11/27,5,6,7,8,28,38
423,2008/12/4,1,2,3,30,35,36
424,2008/12/11,3,13,17,25,40,41
425,2008/12/18,2,3,12,20,34,43
426,2008/12/25,6,8,9,29,32,37
427,2009/1/8,5,12,13,33,39,42
428,2009/1/15,8,16,18,35,42,43
429,2009/1/22,17,25,29,33,37,42
430,2009/1/29,1,8,18,26,34,42
431,2009/2/5,1,5,19,20,35,41
432,2009/2/12,8,20,23,24,42,43
433,2009/2/19,3,9,11,24,26,34
434,2009/2/26,3,12,19,33,35,36
435,2009/3/5,2,11,12,28,35,37
436,2009/3/12,4,12,21,22,27,38
437,2009/3/19,2,5,11,21,23,43
438,2009/3/26,3,9,16,17,20,31
439,2009/4/2,11,14,20,28,32,41
440,2009/4/9,9,23,29,30,31,39
441,2009/4/16,10,18,33,34,39,41
442,2009/4/23,2,23,26,35,41,42
443,2009/4/30,6,10,21,22,23,35
444,2009/5/7,5,13,16,18,24,32
445,2009/5/14,10,20,23,26,37,40
446,2009/5/21,3,8,17,26,27,36
447,2009/5/28,15,23,29,36,42,43
448,2009/6/4,9,23,32,35,39,42
449,2009/6/11,19,20,21,23,27,32
450,2009/6/18,15,20,21,32,40,42
451,2009/6/25,6,14,16,19,26,39
452,2009/7/2,1,5,25,27,29,40
453,2009/7/9,7,17,19,27,35,40
454,2009/7/16,2,16,18,27,42,43
455,2009/7/23,11,20,26,28,30,43
456,2009/7/30,3,7,15,25,30,39
457,2009/8/6,10,12,27,32,34,43
458,2009/8/13,1,18,27,30,36,40
459,2009/8/20,11,13,27,31,37,43
460,2009/8/27,18,22,23,32,35,40
461,2009/9/3,8,10,13,30,32,42
462,2009/9/10,2,4,6,16,31,33
463,2009/9/17,10,13,16,25,30,42
464,2009/9/24,10,21,22,25,27,37
465,2009/10/1,6,24,27,30,32,38
466,2009/10/8,1,4,19,28,34,40
467,2009/10/15,18,19,20,24,32,43
468,2009/10/22,9,17,26,30,34,40
469,2009/10/29,10,12,20,35,40,43
470,2009/11/5,1,11,17,23,38,43
471,2009/11/12,2,13,14,22,23,32
472,2009/11/19,10,17,28,30,36,42
473,2009/11/26,6,16,17,22,34,37
474,2009/12/3,12,15,19,25,28,41
475,2009/12/10,5,9,10,27,33,42
476,2009/12/17,7,17,22,30,36,40
477,2009/12/24,12,14,16,18,38,41
478,2010/1/7,11,14,23,30,31,38
479,2010/1/14,5,7,14,17,20,27
480,2010/1/21,2,5,17,18,35,38
481,2010/1/28,2,9,11,24,25,34
482,2010/2/4,4,30,31,36,37,38
483,2010/2/11,2,8,15,24,33,35
484,2010/2/18,13,19,25,29,32,35
485,2010/2/25,14,26,30,33,34,39
486,2010/3/4,16,25,27,29,34,41
487,2010/3/11,2,6,8,19,22,34
488,2010/3/18,5,15,29,34,39,42
489,2010/3/25,6,8,12,30,33,43
490,2010/4/1,5,9,13,28,34,40
491,2010/4/8,7,9,20,27,31,34
492,2010/4/15,1,8,12,20,23,37
493,2010/4/22,8,26,30,36,41,42
494,2010/4/29,8,16,19,23,26,31
495,2010/5/6,4,6,20,21,29,33
496,2010/5/13,2,6,11,29,32,41
497,2010/5/20,6,12,14,17,36,40
498,2010/5/27,1,25,36,41,42,43
499,2010/6/3,3,9,15,16,22,35
500,2010/6/10,6,20,28,31,34,38
501,2010/6/17,3,17,21,23,36,38
502,2010/6/24,9,12,27,28,29,41
503,2010/7/1,1,18,25,27,28,39
504,2010/7/8,12,21,22,27,29,31
505,2010/7/15,19,21,27,33,34,43
506,2010/7/22,5,11,21,27,37,39
507,2010/7/29,5,14,19,21,28,31
508,2010/8/5,1,7,14,15,24,42
509,2010/8/12,3,4,12,18,27,28
510,2010/8/19,12,15,26,35,41,43
511,2010/8/26,4,22,23,27,38,43
512,2010/9/2,14,20,23,25,33,39
513,2010/9/9,1,6,12,14,15,19
514,2010/9/16,6,7,14,15,19,41
515,2010/9/23,2,3,23,25,33,35
516,2010/9/30,2,14,16,17,29,30
517,2010/10/7,6,10,13,14,28,37
518,2010/10/14,14,31,34,35,40,42
519,2010/10/21,1,13,25,29,30,33
520,2010/10/28,2,4,12,14,26,43
521,2010/11/4,1,8,15,21,23,30
522,2010/11/11,3,6,16,23,25,43
523,2010/11/18,7,8,26,27,41,43
524,2010/11/25,7,11,14,18,35,40
525,2010/12/2,1,11,17,28,33,38
526,2010/12/9,8,14,18,19,26,27
527,2010/12/16,5,7,12,23,39,41
528,2010/12/23,2,5,12,21,28,32
529,2010/12/30,6,19,21,24,31,41
530,2011/1/6,1,10,19,30,33,36
531,2011/1/13,5,12,16,24,26,33
532,2011/1/20,23,28,33,35,37,42
533,2011/1/27,6,16,24,31,41,43
534,2011/2/3,1,2,19,22,26,37
535,2011/2/10,6,14,23,24,27,32
536,2011/2/17,4,10,12,14,23,36
537,2011/2/24,10,18,22,24,26,37
538,2011/3/3,2,11,14,23,26,33
539,2011/3/10,3,10,13,17,18,28
540,2011/3/17,15,23,29,35,36,41
541,2011/3/24,3,4,5,28,34,43
542,2011/3/31,10,14,23,35,38,41
543,2011/4/4,15,17,18,19,22,31
544,2011/4/7,11,14,16,32,41,42
545,2011/4/11,16,21,24,28,32,36
546,2011/4/14,1,14,30,34,40,43
547,2011/4/18,6,10,11,30,32,39
548,2011/4/21,12,13,16,28,29,35
549,2011/4/25,5,14,27,29,32,33
550,2011/4/28,12,15,19,32,36,42
551,2011/5/2,15,16,19,21,26,42
552,2011/5/5,13,22,26,30,40,41
553,2011/5/9,3,9,11,15,27,37
554,2011/5/12,16,27,34,35,36,38
555,2011/5/16,2,3,7,9,36,42
556,2011/5/19,6,9,13,17,29,30
557,2011/5/23,6,18,23,32,38,43
558,2011/5/26,4,32,33,38,41,43
559,2011/5/30,2,7,16,25,26,43
560,2011/6/2,4,17,19,37,39,42
561,2011/6/6,4,14,30,35,40,41
562,2011/6/9,9,10,11,25,30,37
563,2011/6/13,4,5,26,28,34,38
564,2011/6/16,3,12,18,24,34,39
565,2011/6/20,3,6,8,21,28,32
566,2011/6/23,10,17,18,29,30,41
567,2011/6/27,7,13,17,23,28,34
568,2011/6/30,7,10,15,31,32,42
569,2011/7/4,4,19,21,25,28,40
570,2011/7/7,2,4,10,28,38,43
571,2011/7/11,6,20,21,23,33,38
572,2011/7/14,10,12,18,38,42,43
573,2011/7/18,3,5,21,30,37,38
574,2011/7/21,4,11,16,20,26,43
575,2011/7/25,4,11,17,21,23,30
576,2011/7/28,8,9,21,24,29,37
577,2011/8/1,3,12,29,31,36,37
578,2011/8/4,16,22,23,27,33,37
579,2011/8/8,6,8,17,19,23,42
580,2011/8/11,12,15,17,25,35,43
581,2011/8/15,5,22,28,29,35,39
582,2011/8/18,7,10,14,25,32,38
583,2011/8/22,2,12,17,18,40,43
584,2011/8/25,10,11,24,26,37,38
585,2011/8/29,1,28,32,34,41,42
586,2011/9/1,6,7,10,23,36,42
587,2011/9/5,10,12,18,27,33,40
588,2011/9/8,8,13,18,33,34,36
589,2011/9/12,1,9,10,28,41,42
590,2011/9/15,20,24,25,27,32,37
591,2011/9/19,1,13,16,22,27,33
592,2011/9/22,12,14,22,23,34,41
593,2011/9/26,2,10,16,26,29,30
594,2011/9/29,4,5,15,30,34,38
595,2011/10/3,1,5,15,22,39,40
596,2011/10/6,2,13,17,24,29,34
597,2011/10/10,3,4,7,13,16,23
598,2011/10/13,6,10,15,21,36,41
599,2011/10/17,1,2,8,13,27,39
600,2011/10/20,3,20,23,24,28,35
601,2011/10/24,6,22,25,26,30,39
602,2011/10/27,8,13,15,18,24,41
603,2011/10/31,3,8,18,21,23,42
604,2011/11/3,9,15,20,22,28,43
605,2011/11/7,1,4,13,25,38,43
606,2011/11/10,8,15,24,26,35,42
607,2011/11/14,2,3,8,12,20,21
608,2011/11/17,4,6,16,17,18,26
609,2011/11/21,18,24,36,37,39,41
610,2011/11/24,2,5,12,23,26,41
611,2011/11/28,10,12,14,24,34,39
612,2011/12/1,7,18,31,32,39,40
613,2011/12/5,2,6,18,26,32,37
614,2011/12/8,2,6,22,25,31,42
615,2011/12/12,6,16,24,32,36,43
616,2011/12/15,4,7,18,19,24,35
617,2011/12/19,5,8,18,28,34,35
618,2011/12/22,4,15,21,31,35,42
619,2011/12/26,2,11,29,31,33,38
620,2011/12/29,7,10,13,19,31,38
621,2012/1/5,6,15,16,28,36,40
622,2012/1/9,7,16,18,20,27,36
623,2012/1/12,7,8,16,35,39,42
624,2012/1/16,4,8,12,22,25,30
625,2012/1/19,5,17,26,37,39,42
626,2012/1/23,6,13,14,22,26,28
627,2012/1/26,2,4,7,19,34,42
628,2012/1/30,7,13,15,18,29,38
629,2012/2/2,6,16,21,30,34,43
630,2012/2/6,3,7,13,18,19,41
631,2012/2/9,2,5,7,10,36,40
632,2012/2/13,3,4,14,21,22,25
633,2012/2/16,7,9,11,14,15,18
634,2012/2/20,8,10,13,15,20,40
635,2012/2/23,8,11,12,15,41,43
636,2012/2/27,2,12,21,23,24,26
637,2012/3/1,7,12,16,28,31,34
638,2012/3/5,6,11,19,28,35,40
639,2012/3/8,1,16,20,24,33,34
640,2012/3/12,3,11,18,20,33,39
641,2012/3/15,3,14,21,24,26,29
642,2012/3/19,8,13,14,21,33,41
643,2012/3/22,2,6,21,31,35,37
644,2012/3/26,4,14,22,23,26,42
645,2012/3/29,3,10,12,32,33,43
646,2012/4/2,9,12,14,24,28,33
647,2012/4/5,2,7,15,22,36,43
648,2012/4/9,22,26,27,28,36,43
649,2012/4/12,14,22,29,33,36,40
650,2012/4/16,12,31,34,40,41,43
651,2012/4/19,4,15,17,34,38,40
652,2012/4/23,1,10,16,19,20,39
653,2012/4/26,13,21,22,26,29,36
654,2012/4/30,12,18,21,29,32,38
655,2012/5/3,5,10,23,26,28,29
656,2012/5/7,2,8,13,17,25,37
657,2012/5/10,3,20,29,33,34,40
658,2012/5/14,14,24,32,40,41,42
659,2012/5/17,21,30,35,39,41,42
660,2012/5/21,8,20,31,36,37,38
661,2012/5/24,6,9,17,20,33,40
662,2012/5/28,12,31,32,34,36,40
663,2012/5/31,13,18,21,30,33,40
664,2012/6/4,2,8,11,12,26,29
665,2012/6/7,13,22,27,29,36,37
666,2012/6/11,2,6,28,30,31,41
667,2012/6/14,21,31,34,37,39,40
668,2012/6/18,7,13,20,27,34,35
669,2012/6/21,4,6,10,17,24,33
670,2012/6/25,1,4,7,25,32,41
671,2012/6/28,5,10,14,16,23,38
672,2012/7/2,1,5,23,24,36,43
673,2012/7/5,2,6,16,27,28,29
674,2012/7/9,8,11,15,22,40,41
675,2012/7/12,8,10,15,21,24,34
676,2012/7/16,2,8,20,33,38,42
677,2012/7/19,4,11,22,31,32,35
678,2012/7/23,8,24,25,29,32,40
679,2012/7/26,4,5,7,37,41,42
680,2012/7/30,8,9,23,34,38,41
681,2012/8/2,1,11,13,30,37,41
682,2012/8/6,3,5,7,18,19,41
683,2012/8/9,16,24,29,32,35,38
684,2012/8/13,6,7,13,18,27,33
685,2012/8/16,12,23,27,32,39,43
686,2012/8/20,21,24,26,35,37,38
687,2012/8/23,16,20,27,33,40,42
688,2012/8/27,9,12,16,33,34,35
689,2012/8/30,6,8,12,17,24,31
690,2012/9/3,7,8,10,21,34,38
691,2012/9/6,4,7,8,15,16,42
692,2012/9/10,9,10,12,19,21,42
693,2012/9/13,4,14,18,22,32,35
694,2012/9/17,8,23,27,31,38,40
695,2012/9/20,4,7,11,12,13,19
696,2012/9/24,2,10,14,19,36,39
697,2012/9/27,2,12,14,18,40,41
698,2012/10/1,5,20,21,26,30,33
699,2012/10/4,12,13,21,25,29,32
700,2012/10/8,1,8,17,24,33,35
701,2012/10/11,20,22,24,32,36,39
702,2012/10/15,1,20,23,37,38,40
703,2012/10/18,20,24,27,28,38,41
704,2012/10/22,7,10,16,18,19,37
705,2012/10/25,14,15,16,18,20,33
706,2012/10/29,2,8,29,31,34,37
707,2012/11/1,8,15,21,32,40,41
708,2012/11/5,2,13,20,22,25,38
709,2012/11/8,1,11,13,29,37,39
710,2012/11/12,4,5,9,20,33,37
711,2012/11/15,5,11,15,24,34,39
712,2012/11/19,2,5,8,9,14,25
713,2012/11/22,19,20,21,24,25,26
714,2012/11/26,2,14,26,28,29,42
715,2012/11/29,5,10,12,25,28,31
716,2012/12/3,5,7,14,24,25,35
717,2012/12/6,13,14,16,21,29,42
718,2012/12/10,15,20,27,29,33,43
719,2012/12/13,11,14,27,31,34,42
720,2012/12/17,25,26,27,28,35,38
721,2012/12/20,1,14,23,24,27,40
722,2012/12/24,6,11,32,34,35,39
723,2012/12/27,16,27,28,36,39,42
724,2013/1/7,4,9,32,37,38,39
725,2013/1/10,5,6,7,20,31,41
726,2013/1/14,13,21,30,31,37,40
727,2013/1/17,3,24,26,27,39,41
728,2013/1/21,10,15,22,23,38,42
729,2013/1/24,2,10,16,18,27,42
730,2013/1/28,10,15,21,22,33,35
731,2013/1/31,6,7,23,25,38,42
732,2013/2/4,20,33,35,36,37,38
733,2013/2/7,5,13,14,26,37,38
734,2013/2/11,10,19,22,27,29,39
735,2013/2/14,5,12,19,22,32,39
736,2013/2/18,2,14,17,19,38,43
737,2013/2/21,6,10,21,24,27,39
738,2013/2/25,14,21,22,32,33,41
739,2013/2/28,11,13,18,20,28,38
740,2013/3/4,8,9,15,26,37,40
741,2013/3/7,8,11,15,29,36,43
742,2013/3/11,2,12,13,14,22,35
743,2013/3/14,3,4,8,10,14,37
744,2013/3/18,2,5,12,14,30,42
745,2013/3/21,8,12,16,23,33,34
746,2013/3/25,6,9,10,29,31,35
747,2013/3/28,8,19,20,23,24,35
748,2013/4/1,2,14,16,27,28,30
749,2013/4/4,7,8,11,13,23,40
750,2013/4/8,4,6,13,16,18,39
751,2013/4/11,13,16,21,25,31,38
752,2013/4/15,3,5,13,18,22,37
753,2013/4/18,2,4,11,15,20,38
754,2013/4/22,16,27,33,35,39,41
755,2013/4/25,10,16,20,25,29,39
756,2013/4/29,8,10,24,26,27,28
757,2013/5/2,4,10,14,19,35,38
758,2013/5/6,11,19,20,25,38,40
759,2013/5/9,14,22,25,28,37,41
760,2013/5/13,3,4,6,15,32,40
761,2013/5/16,8,10,11,12,20,40
762,2013/5/20,6,8,9,20,24,27
763,2013/5/23,6,8,10,21,39,42
764,2013/5/27,6,7,24,34,42,43
765,2013/5/30,4,14,17,22,26,41
766,2013/6/3,6,10,12,32,37,39
767,2013/6/6,2,6,11,27,29,37
768,2013/6/10,1,8,19,25,32,38
769,2013/6/13,1,2,4,16,17,38
770,2013/6/17,17,19,21,22,36,37
771,2013/6/20,15,21,31,32,33,34
772,2013/6/24,7,11,16,19,20,23
773,2013/6/27,4,7,10,11,12,32
774,2013/7/1,2,4,9,13,16,33
775,2013/7/4,1,2,21,22,37,38
776,2013/7/8,2,8,14,23,28,42
777,2013/7/11,15,16,23,29,37,39
778,2013/7/15,5,11,17,24,35,41
779,2013/7/18,10,13,27,34,36,39
780,2013/7/22,6,7,12,26,39,43
781,2013/7/25,5,6,15,23,40,43
782,2013/7/29,19,21,23,24,27,43
783,2013/8/1,9,14,22,24,25,32
784,2013/8/5,1,9,23,29,37,41
785,2013/8/8,1,9,18,20,24,29
786,2013/8/12,10,11,17,31,35,39
787,2013/8/15,4,5,13,21,33,34
788,2013/8/19,2,8,13,27,31,32
789,2013/8/22,12,17,29,32,38,40
790,2013/8/26,9,13,19,27,34,38
791,2013/8/29,1,10,22,24,34,37
792,2013/9/2,1,7,14,25,37,43
793,2013/9/5,10,13,14,19,26,43
794,2013/9/9,15,22,25,29,34,42
795,2013/9/12,13,19,24,28,33,38
796,2013/9/16,1,7,11,14,22,34
797,2013/9/19,1,4,13,18,23,39
798,2013/9/23,1,3,5,25,39,41
799,2013/9/26,4,6,8,10,19,28
800,2013/9/30,8,12,22,23,25,35
801,2013/10/3,2,18,19,20,25,31
802,2013/10/7,9,13,18,19,25,30
803,2013/10/10,9,29,33,34,35,41
804,2013/10/14,6,20,23,25,31,33
805,2013/10/17,2,14,19,22,24,43
806,2013/10/21,3,16,19,25,39,40
807,2013/10/24,1,6,12,20,22,23
808,2013/10/28,13,18,22,28,41,42
809,2013/10/31,2,11,20,31,32,37
810,2013/11/4,3,31,32,38,39,40
811,2013/11/7,2,6,20,24,31,40
812,2013/11/11,1,12,15,26,34,40
813,2013/11/14,9,10,12,13,28,38
814,2013/11/18,4,7,15,23,38,42
815,2013/11/21,1,2,6,24,25,41
816,2013/11/25,5,14,19,24,27,37
817,2013/11/28,16,21,27,32,34,43
818,2013/12/2,5,21,24,34,37,38
819,2013/12/5,10,19,23,25,30,40
820,2013/12/9,1,11,19,28,39,43
821,2013/12/12,7,10,12,34,40,43
822,2013/12/16,6,11,15,24,27,33
823,2013/12/19,5,6,23,30,37,38
824,2013/12/23,16,19,26,27,29,32
825,2013/12/26,6,10,12,16,39,40
826,2013/12/30,5,15,22,24,29,36
827,2014/1/6,2,4,23,24,33,41
828,2014/1/9,2,9,10,24,25,43
829,2014/1/13,2,3,23,32,36,39
830,2014/1/16,5,6,9,18,28,40
831,2014/1/20,3,4,7,13,22,31
832,2014/1/23,19,24,27,31,32,33
833,2014/1/27,5,6,13,20,22,28
834,2014/1/30,4,17,27,39,41,42
835,2014/2/3,5,9,10,28,39,40
836,2014/2/6,7,11,31,34,38,43
837,2014/2/10,5,17,34,37,39,42
838,2014/2/13,12,28,32,36,38,43
839,2014/2/17,1,3,5,12,13,38
840,2014/2/20,3,4,17,24,27,34
841,2014/2/24,8,22,24,28,31,36
842,2014/2/27,8,11,17,26,33,43
843,2014/3/3,3,7,8,26,42,43
844,2014/3/6,2,5,18,27,35,38
845,2014/3/10,2,12,13,22,24,34
846,2014/3/13,9,14,18,28,30,33
847,2014/3/17,9,10,23,31,35,36
848,2014/3/20,6,7,13,15,35,39
849,2014/3/24,1,3,4,10,15,40
850,2014/3/27,2,11,30,32,38,41
851,2014/3/31,5,8,14,20,26,27
852,2014/4/3,3,17,22,23,27,40
853,2014/4/7,2,9,22,26,31,35
854,2014/4/10,4,11,14,18,25,37
855,2014/4/14,10,13,15,25,37,42
856,2014/4/17,10,24,32,34,38,40
857,2014/4/21,1,3,6,17,28,42
858,2014/4/24,3,14,29,32,33,42
859,2014/4/28,1,12,15,17,21,36
860,2014/5/1,14,16,32,35,38,41
861,2014/5/5,4,17,21,28,35,42
862,2014/5/8,5,10,16,34,36,39
863,2014/5/12,4,14,18,26,35,36
864,2014/5/15,19,21,24,28,32,40
865,2014/5/19,5,7,8,12,23,25
866,2014/5/22,1,3,10,21,29,43
867,2014/5/26,2,14,21,26,37,38
868,2014/5/29,5,18,19,26,31,43
869,2014/6/2,5,7,23,24,37,38
870,2014/6/5,1,11,14,21,23,39
871,2014/6/9,3,10,11,13,20,27
872,2014/6/12,6,10,17,18,19,24
873,2014/6/16,4,22,26,27,32,43
874,2014/6/19,2,8,21,27,33,37
875,2014/6/23,4,5,11,13,22,25
876,2014/6/26,11,12,18,25,35,39
877,2014/6/30,3,14,17,32,35,43
878,2014/7/3,5,14,16,22,25,40
879,2014/7/7,24,27,34,35,36,43
880,2014/7/10,1,8,11,16,25,32
881,2014/7/14,4,6,12,18,28,41
882,2014/7/17,5,15,23,26,30,36
883,2014/7/21,10,16,25,29,38,42
884,2014/7/24,2,7,25,26,38,42
885,2014/7/28,22,28,33,36,37,41
886,2014/7/31,7,10,13,23,34,39
887,2014/8/4,3,4,6,18,32,37
888,2014/8/7,2,4,9,36,37,39
889,2014/8/11,2,10,21,28,41,43
890,2014/8/14,1,4,6,14,28,31
891,2014/8/18,7,9,14,30,42,43
892,2014/8/21,14,19,31,35,40,43
893,2014/8/25,10,12,26,28,29,37
894,2014/8/28,4,5,9,20,21,32
895,2014/9/1,5,12,24,25,37,38
896,2014/9/4,5,6,21,27,32,38
897,2014/9/8,8,10,14,15,27,30
898,2014/9/11,13,17,21,25,29,37
899,2014/9/15,3,10,15,18,27,40
900,2014/9/18,8,12,21,22,31,35
901,2014/9/22,6,13,22,28,29,37
902,2014/9/25,11,21,26,31,32,33
903,2014/9/29,1,3,6,7,16,19
904,2014/10/2,2,4,6,15,21,41
905,2014/10/6,4,15,24,40,41,42
906,2014/10/9,6,9,12,13,30,40
907,2014/10/13,5,13,18,22,27,41
908,2014/10/16,6,14,21,22,23,30
909,2014/10/20,12,15,21,27,30,35
910,2014/10/23,11,12,13,17,25,33
911,2014/10/27,8,16,18,22,27,35
912,2014/10/30,5,14,19,20,32,42
913,2014/11/3,5,8,20,31,36,41
914,2014/11/6,2,3,26,33,36,40
915,2014/11/10,7,12,21,33,38,40
916,2014/11/13,6,14,25,27,38,43
917,2014/11/17,2,6,25,26,41,42
918,2014/11/20,10,15,25,29,34,36
919,2014/11/24,2,9,12,17,33,42
920,2014/11/27,9,17,27,30,35,38
921,2014/12/1,5,7,26,36,38,39
922,2014/12/4,4,6,19,32,33,38
923,2014/12/8,5,13,30,31,32,35
924,2014/12/11,13,20,24,32,35,42
925,2014/12/15,25,26,27,28,32,37
926,2014/12/18,16,26,32,35,37,39
927,2014/12/22,2,29,30,31,33,34
928,2014/12/25,1,21,23,26,31,33
929,2014/12/29,10,12,15,25,31,34
930,2015/1/5,10,12,37,39,40,43
931,2015/1/8,14,18,19,24,25,33
932,2015/1/12,4,15,30,37,42,43
933,2015/1/15,5,9,20,21,31,41
934,2015/1/19,3,7,16,17,20,32
935,2015/1/22,2,12,14,26,38,43
936,2015/1/26,1,3,12,16,20,35
937,2015/1/29,13,15,21,25,36,41
938,2015/2/2,5,9,12,19,30,35
939,2015/2/5,8,11,15,17,26,43
940,2015/2/9,1,18,28,31,35,37
941,2015/2/12,5,12,22,29,38,39
942,2015/2/16,2,3,14,27,28,38
943,2015/2/19,9,10,14,15,39,43
944,2015/2/23,7,20,25,29,33,37
945,2015/2/26,3,10,15,23,36,37
946,2015/3/2,2,9,12,16,31,36
947,2015/3/5,1,6,21,23,27,40
948,2015/3/9,7,16,17,28,39,43
949,2015/3/12,5,19,26,36,39,43
950,2015/3/16,2,6,16,24,30,41
951,2015/3/19,11,15,22,23,26,30
952,2015/3/23,10,16,22,25,31,39
953,2015/3/26,2,9,17,38,39,42
954,2015/3/30,3,23,24,28,29,42
955,2015/4/2,14,19,27,28,37,42
956,2015/4/6,1,4,6,22,24,38
957,2015/4/9,2,11,22,32,36,42
958,2015/4/13,9,18,23,24,26,30
959,2015/4/16,1,16,18,28,36,38
960,2015/4/20,5,18,23,32,35,39
961,2015/4/23,5,11,17,18,19,25
962,2015/4/27,4,6,10,24,32,37
963,2015/4/30,4,23,29,31,32,35
964,2015/5/4,2,21,23,29,30,43
965,2015/5/7,10,12,19,20,21,22
966,2015/5/11,10,22,31,34,36,43
967,2015/5/14,1,11,26,30,32,40
968,2015/5/18,6,10,15,20,23,26
969,2015/5/21,3,9,19,22,23,40
970,2015/5/25,2,4,18,23,31,38
971,2015/5/28,2,3,4,12,22,29
972,2015/6/1,2,7,17,18,21,40
973,2015/6/4,1,5,6,12,30,31
974,2015/6/8,2,3,29,30,32,43
975,2015/6/11,3,11,13,27,29,36
976,2015/6/15,6,13,22,28,42,43
977,2015/6/18,10,15,17,27,42,43
978,2015/6/22,3,11,19,30,38,42
979,2015/6/25,9,12,16,18,27,38
980,2015/6/29,15,20,23,35,38,42
981,2015/7/2,14,19,22,23,31,37
982,2015/7/6,15,19,21,22,29,40
983,2015/7/9,15,19,32,35,36,38
984,2015/7/13,14,23,24,28,37,38
985,2015/7/16,3,11,19,26,29,38
986,2015/7/20,4,11,17,30,36,43
987,2015/7/23,3,14,15,24,25,36
988,2015/7/27,5,6,10,22,34,41
989,2015/7/30,5,7,31,33,36,39
990,2015/8/3,4,12,16,27,28,41
991,2015/8/6,3,18,21,25,29,37
992,2015/8/10,4,6,8,22,27,38
993,2015/8/13,1,5,10,32,38,40
994,2015/8/17,18,22,29,31,39,43
995,2015/8/20,7,11,17,21,37,39
996,2015/8/24,1,3,14,26,27,42
997,2015/8/27,3,5,8,11,33,43
998,2015/8/31,1,3,12,19,26,29
999,2015/9/3,8,15,17,30,32,36
1000,2015/9/7,1,15,21,22,26,29
1001,2015/9/10,9,12,15,16,18,35
1002,2015/9/14,8,14,22,25,27,41
1003,2015/9/17,13,22,26,34,38,43
1004,2015/9/21,3,21,23,24,27,32
1005,2015/9/24,5,13,20,24,25,27
1006,2015/9/28,7,8,16,31,32,33
1007,2015/10/1,3,8,17,25,28,43
1008,2015/10/5,11,14,16,21,24,39
1009,2015/10/8,3,19,34,36,40,43
1010,2015/10/12,6,12,16,24,25,37
1011,2015/10/15,23,26,27,29,30,43
1012,2015/10/19,9,11,19,22,27,38
1013,2015/10/22,3,20,36,38,39,41
1014,2015/10/26,2,3,9,19,40,42
1015,2015/10/29,9,14,20,23,27,32
1016,2015/11/2,1,14,31,32,39,42
1017,2015/11/5,1,4,24,30,39,40
1018,2015/11/9,3,22,25,28,32,39
1019,2015/11/12,8,14,15,22,25,40
1020,2015/11/16,2,25,27,28,35,42
1021,2015/11/19,3,30,32,33,34,39
1022,2015/11/23,3,15,19,30,34,37
1023,2015/11/26,9,17,24,25,33,40
1024,2015/11/30,2,4,5,20,37,43
1025,2015/12/3,10,17,20,21,36,43
1026,2015/12/7,1,8,11,17,22,26
1027,2015/12/10,13,16,17,19,20,38
1028,2015/12/14,7,10,18,21,28,36
1029,2015/12/17,5,13,22,31,37,39
1030,2015/12/21,4,9,17,20,23,42
1031,2015/12/24,2,4,7,22,32,35
1032,2015/12/28,11,20,21,30,36,43
1033,2016/1/4,1,15,21,24,37,41
1034,2016/1/7,14,20,24,25,31,32
1035,2016/1/11,9,15,17,19,27,33
1036,2016/1/14,2,8,17,27,30,31
1037,2016/1/18,1,3,12,13,21,32
1038,2016/1/21,3,7,24,25,27,39
1039,2016/1/25,6,9,20,34,37,41
1040,2016/1/28,7,13,15,21,23,34
1041,2016/2/1,14,22,27,29,33,37
1042,2016/2/4,4,10,11,12,18,25
1043,2016/2/8,21,29,30,32,38,42
1044,2016/2/11,3,7,16,26,34,39
1045,2016/2/15,1,19,21,30,31,43
1046,2016/2/18,6,13,17,18,27,43
1047,2016/2/22,5,9,13,31,32,35
1048,2016/2/25,26,27,30,31,34,40
1049,2016/2/29,3,6,15,23,24,31
1050,2016/3/3,3,8,14,28,31,43
1051,2016/3/7,5,13,20,28,30,32
1052,2016/3/10,6,26,34,37,42,43
1053,2016/3/14,4,11,23,27,35,42
1054,2016/3/17,7,9,10,19,28,33
1055,2016/3/21,5,11,20,25,26,32
1056,2016/3/24,14,16,19,29,32,37
1057,2016/3/28,2,11,19,21,28,38
1058,2016/3/31,11,12,17,23,29,43
1059,2016/4/4,8,26,27,29,35,43
1060,2016/4/7,5,10,16,17,32,37
1061,2016/4/11,1,12,14,16,20,29
1062,2016/4/14,2,7,28,39,42,43
1063,2016/4/18,6,12,13,34,38,42
1064,2016/4/21,4,13,18,27,30,39
1065,2016/4/25,11,13,27,37,41,42
1066,2016/4/28,2,11,29,36,40,42
1067,2016/5/2,5,9,25,27,28,33
1068,2016/5/5,3,9,21,34,35,42
1069,2016/5/9,12,17,26,30,33,40
1070,2016/5/12,11,21,25,34,35,36
1071,2016/5/16,1,10,25,27,31,40
1072,2016/5/19,3,17,20,32,36,43
1073,2016/5/23,1,3,5,8,20,39
1074,2016/5/26,8,9,16,27,30,33
1075,2016/5/30,7,8,21,24,34,42
1076,2016/6/2,21,22,24,30,31,43
1077,2016/6/6,1,4,9,23,30,36
1078,2016/6/9,3,12,20,33,35,41
1079,2016/6/13,8,12,19,24,30,36
1080,2016/6/16,6,15,16,19,38,41
1081,2016/6/20,6,8,13,17,18,20
1082,2016/6/23,9,12,19,21,39,40
1083,2016/6/27,10,13,15,18,25,38
1084,2016/6/30,1,7,20,28,34,38
1085,2016/7/4,3,20,21,30,34,35
1086,2016/7/7,3,7,9,31,38,43
1087,2016/7/11,10,13,26,27,30,36
1088,2016/7/14,5,8,16,24,32,33
1089,2016/7/18,5,17,19,22,41,42
1090,2016/7/21,3,10,15,22,27,40
1091,2016/7/25,21,22,24,26,28,30
1092,2016/7/28,2,11,18,27,30,33
1093,2016/8/1,4,19,26,40,42,43
1094,2016/8/4,6,7,20,24,28,43
1095,2016/8/8,3,6,15,18,23,27
1096,2016/8/11,6,19,21,31,38,41
1097,2016/8/15,1,5,8,14,19,21
1098,2016/8/18,1,19,31,33,35,43
1099,2016/8/22,6,8,12,17,18,24
1100,2016/8/25,2,6,16,23,32,35
1101,2016/8/29,4,5,7,10,13,16
1102,2016/9/1,3,6,9,13,36,37
1103,2016/9/5,8,13,14,18,24,38
1104,2016/9/8,15,25,32,33,36,38
1105,2016/9/12,12,15,25,31,39,40
1106,2016/9/15,1,4,8,10,18,33
1107,2016/9/19,6,7,12,22,30,33
1108,2016/9/22,12,25,29,32,38,43
1109,2016/9/26,6,8,14,27,36,42
1110,2016/9/29,1,6,21,34,36,39
1111,2016/10/3,6,16,17,27,33,41
1112,2016/10/6,6,9,15,19,39,42
1113,2016/10/10,1,12,14,26,34,41
1114,2016/10/13,2,7,9,28,38,39
1115,2016/10/17,3,10,12,26,38,42
1116,2016/10/20,1,11,33,34,35,38
1117,2016/10/24,2,6,7,9,19,23
1118,2016/10/27,1,11,21,25,34,36
1119,2016/10/31,3,6,15,21,42,43
1120,2016/11/3,10,12,13,29,35,39
1121,2016/11/7,2,8,31,38,40,42
1122,2016/11/10,22,24,29,31,32,34
1123,2016/11/14,4,8,23,29,34,35
1124,2016/11/17,1,16,24,28,40,42
1125,2016/11/21,2,16,19,20,24,36
1126,2016/11/24,4,5,26,30,34,42
1127,2016/11/28,9,15,17,21,23,42
1128,2016/12/1,3,15,21,29,30,35
1129,2016/12/5,6,11,19,28,30,43
1130,2016/12/8,1,11,37,38,39,42
1131,2016/12/12,6,12,25,36,38,41
1132,2016/12/15,4,5,24,29,33,35
1133,2016/12/19,3,18,19,20,37,38
1134,2016/12/22,5,6,12,14,30,38
1135,2016/12/26,20,22,28,29,32,41
1136,2016/12/29,3,4,7,8,22,33
1137,2017/1/5,1,18,21,31,37,41
1138,2017/1/9,8,15,21,24,35,38
1139,2017/1/12,4,6,14,17,23,33
1140,2017/1/16,11,21,30,31,36,37
1141,2017/1/19,1,4,10,14,24,26
1142,2017/1/23,12,13,19,23,28,35
1143,2017/1/26,19,21,31,39,42,43
1144,2017/1/30,7,13,14,33,39,43
1145,2017/2/2,1,4,15,18,25,28
1146,2017/2/6,1,10,19,23,26,34
1147,2017/2/9,2,3,10,16,26,27
1148,2017/2/13,3,5,16,23,31,43
1149,2017/2/16,2,14,22,23,35,43
1150,2017/2/20,7,11,17,27,32,40
1151,2017/2/23,5,23,25,26,29,31
1152,2017/2/27,6,8,10,33,35,43
1153,2017/3/2,4,15,20,24,26,30
1154,2017/3/6,8,12,30,36,41,42
1155,2017/3/9,14,19,22,23,28,43
1156,2017/3/13,3,6,19,31,35,40
1157,2017/3/16,5,17,20,28,39,42
1158,2017/3/20,22,24,27,30,32,40
1159,2017/3/23,1,4,15,16,23,30
1160,2017/3/27,9,22,31,32,34,43
1161,2017/3/30,1,2,12,16,19,40
1162,2017/4/3,3,4,8,12,24,37
1163,2017/4/6,11,17,19,24,33,41
1164,2017/4/10,4,7,11,33,34,37
1165,2017/4/13,18,20,21,24,40,42
1166,2017/4/17,4,8,17,20,29,41
1167,2017/4/20,6,13,20,25,36,42
1168,2017/4/24,1,3,8,14,35,39
1169,2017/4/27,19,24,25,36,37,43
1170,2017/5/1,1,8,13,19,23,28
1171,2017/5/4,9,10,13,21,34,36
1172,2017/5/8,3,10,31,32,38,39
1173,2017/5/11,5,7,11,16,33,38
1174,2017/5/15,7,8,9,25,29,31
1175,2017/5/18,2,4,6,21,27,37
1176,2017/5/22,2,9,18,23,29,32
1177,2017/5/25,2,5,21,22,23,38
1178,2017/5/29,16,17,20,22,29,40
1179,2017/6/1,5,12,27,36,39,40
1180,2017/6/5,2,4,5,13,18,21
1181,2017/6/8,15,16,17,29,31,32
1182,2017/6/12,5,6,10,13,24,33
1183,2017/6/15,2,19,22,25,32,36
1184,2017/6/19,2,6,21,30,31,36
1185,2017/6/22,6,15,18,26,27,31
1186,2017/6/26,8,10,20,25,38,43
1187,2017/6/29,3,13,18,20,24,31
1188,2017/7/3,3,9,19,20,23,30
1189,2017/7/6,8,24,28,30,38,41
1190,2017/7/10,1,3,13,29,38,39
1191,2017/7/13,3,5,11,20,25,32
1192,2017/7/17,15,17,18,22,30,39
1193,2017/7/20,1,2,7,8,10,42
1194,2017/7/24,12,18,20,23,33,40
1195,2017/7/27,1,4,17,22,35,42
1196,2017/7/31,6,7,19,31,39,41
1197,2017/8/3,3,24,28,36,37,39
1198,2017/8/7,1,14,20,26,27,34
1199,2017/8/10,9,10,11,20,28,40
1200,2017/8/14,2,8,10,12,31,42
1201,2017/8/17,1,15,19,22,26,28
1202,2017/8/21,9,12,15,19,26,39
1203,2017/8/24,2,4,6,37,39,42
1204,2017/8/28,10,20,21,24,39,43
1205,2017/8/31,12,25,26,32,35,42
1206,2017/9/4,11,19,20,26,32,33
1207,2017/9/7,6,16,17,20,22,43
1208,2017/9/11,5,14,20,30,38,41
1209,2017/9/14,11,12,24,32,38,40
1210,2017/9/18,5,6,12,16,23,36
1211,2017/9/21,3,8,24,25,26,28
1212,2017/9/25,2,16,27,35,40,42
1213,2017/9/28,3,13,22,26,30,39
1214,2017/10/2,2,19,23,30,33,36
1215,2017/10/5,3,6,9,15,21,42
1216,2017/10/9,8,14,25,39,42,43
1217,2017/10/12,14,16,17,34,36,41
1218,2017/10/16,5,8,13,20,28,42
1219,2017/10/19,14,22,24,36,39,42
1220,2017/10/23,9,15,21,23,32,42
1221,2017/10/26,3,10,11,31,33,36
1222,2017/10/30,1,5,7,11,29,39
1223,2017/11/2,12,22,28,30,36,43
1224,2017/11/6,5,18,33,38,41,43
1225,2017/11/9,19,22,25,30,33,34
1226,2017/11/13,7,8,28,34,37,41
1227,2017/11/16,1,8,14,28,40,43
1228,2017/11/20,6,18,19,25,28,40
1229,2017/11/23,10,28,35,37,39,43
1230,2017/11/27,1,2,6,9,17,38
1231,2017/11/30,1,14,16,24,32,36
1232,2017/12/4,5,10,14,31,35,38
1233,2017/12/7,2,7,12,21,29,33
1234,2017/12/11,7,11,16,20,30,40
1235,2017/12/14,8,17,24,34,36,42
1236,2017/12/18,1,3,11,26,38,39
1237,2017/12/21,1,4,6,35,38,40
1238,2017/12/25,8,14,28,29,33,40
1239,2017/12/28,2,19,27,28,30,38
1240,2018/1/4,15,18,22,36,37,39
1241,2018/1/8,4,7,15,17,23,25
1242,2018/1/11,12,22,28,34,37,42
1243,2018/1/15,23,24,32,37,41,42
1244,2018/1/18,10,15,17,18,20,41
1245,2018/1/22,13,15,27,30,31,39
1246,2018/1/25,4,10,11,23,36,37
1247,2018/1/29,4,7,17,18,26,36
1248,2018/2/1,2,6,14,28,34,37
1249,2018/2/5,5,8,15,20,25,27
1250,2018/2/8,3,10,18,22,23,40
1251,2018/2/12,21,28,31,33,34,40
1252,2018/2/15,4,15,18,19,22,29
1253,2018/2/19,1,12,14,24,33,37
1254,2018/2/22,7,8,11,15,36,39
1255,2018/2/26,2,14,15,27,40,43
1256,2018/3/1,2,5,16,32,35,41
1257,2018/3/5,1,11,19,23,32,37
1258,2018/3/8,8,14,20,25,31,41
1259,2018/3/12,10,16,20,26,33,36
1260,2018/3/15,3,8,16,19,25,26
1261,2018/3/19,9,20,26,29,30,34
1262,2018/3/22,4,11,15,20,24,43
1263,2018/3/26,3,8,13,14,31,37
1264,2018/3/29,1,6,27,33,35,43
1265,2018/4/2,5,20,26,27,28,33
1266,2018/4/5,3,12,16,23,25,28
1267,2018/4/9,4,18,31,33,34,41
1268,2018/4/12,8,11,15,22,35,36
1269,2018/4/16,9,10,11,33,39,42
1270,2018/4/19,9,10,24,30,35,40
1271,2018/4/23,1,11,14,27,39,42
1272,2018/4/26,4,9,13,32,37,38
1273,2018/4/30,18,20,22,26,34,37
1274,2018/5/3,3,15,18,23,31,37
1275,2018/5/7,7,19,21,28,40,41
1276,2018/5/10,5,6,9,11,16,35
1277,2018/5/14,12,16,20,22,31,43
1278,2018/5/17,3,4,18,28,34,36
1279,2018/5/21,4,10,16,17,20,24
1280,2018/5/24,1,9,11,21,29,36
1281,2018/5/28,3,7,9,15,29,40
1282,2018/5/31,1,4,10,11,24,28
1283,2018/6/4,1,26,27,30,37,38
1284,2018/6/7,4,14,17,21,24,39
1285,2018/6/11,7,8,13,36,38,42
1286,2018/6/14,11,32,37,39,41,42
1287,2018/6/18,9,21,23,34,37,38
1288,2018/6/21,8,9,19,24,35,43
1289,2018/6/25,6,9,16,24,29,37
1290,2018/6/28,18,24,27,32,35,41
1291,2018/7/2,2,6,8,12,13,17
1292,2018/7/5,1,18,29,30,31,37
1293,2018/7/9,2,5,15,27,30,35
1294,2018/7/12,7,14,18,26,28,39
1295,2018/7/16,14,23,31,37,39,43
1296,2018/7/19,5,11,15,16,23,32
1297,2018/7/23,1,2,7,29,34,42
1298,2018/7/26,4,6,15,22,30,42
1299,2018/7/30,3,12,24,28,38,39
1300,2018/8/2,3,18,25,26,32,33
1301,2018/8/6,6,7,9,16,30,41
1302,2018/8/9,4,7,25,30,34,43
1303,2018/8/13,7,10,24,33,35,42
1304,2018/8/16,6,25,30,38,40,42
1305,2018/8/20,4,6,19,36,38,40
1306,2018/8/23,7,11,23,36,38,41
1307,2018/8/27,6,25,27,28,30,43
1308,2018/8/30,6,9,10,15,34,39
1309,2018/9/3,24,32,34,36,41,43
1310,2018/9/6,9,24,25,27,34,36
1311,2018/9/10,12,23,26,29,36,37
1312,2018/9/13,13,24,25,26,32,39
1313,2018/9/17,5,12,21,31,36,43
1314,2018/9/20,3,10,20,21,27,33
1315,2018/9/24,3,8,23,30,32,40
1316,2018/9/27,6,16,26,35,36,39
1317,2018/10/1,6,10,13,19,32,43
1318,2018/10/4,2,3,7,14,19,41
1319,2018/10/8,9,10,19,21,28,30
1320,2018/10/11,4,6,12,16,17,34
1321,2018/10/15,10,24,31,40,41,43
1322,2018/10/18,2,3,13,28,32,37
1323,2018/10/22,5,6,10,24,29,40
1324,2018/10/25,1,7,8,17,25,42
1325,2018/10/29,8,18,23,26,33,38
1326,2018/11/1,2,3,9,12,30,41
1327,2018/11/5,2,3,13,22,23,30
1328,2018/11/8,7,9,23,32,37,40
1329,2018/11/12,11,15,18,22,37,42
1330,2018/11/15,2,19,24,32,36,43
1331,2018/11/19,2,14,30,31,38,39
1332,2018/11/22,5,15,18,22,33,40
1333,2018/11/26,2,9,15,22,26,35
1334,2018/11/29,1,2,7,14,29,43
1335,2018/12/3,10,16,19,34,35,39
1336,2018/12/6,4,5,11,19,31,34
1337,2018/12/10,3,6,21,28,29,34
1338,2018/12/13,2,6,23,25,30,31
1339,2018/12/17,1,10,15,33,34,42
1340,2018/12/20,6,15,18,20,26,29
1341,2018/12/24,9,12,15,16,26,39
1342,2018/12/27,1,4,9,16,23,31
1343,2019/1/7,2,8,10,12,19,23
1344,2019/1/10,8,16,20,28,37,43
1345,2019/1/14,1,15,26,27,29,33
1346,2019/1/17,5,10,22,27,38,42
1347,2019/1/21,8,10,11,18,36,43
1348,2019/1/24,1,2,14,19,21,33
1349,2019/1/28,2,16,19,32,34,42
1350,2019/1/31,7,8,9,10,20,38
1351,2019/2/4,8,14,18,22,28,29
1352,2019/2/7,5,6,9,15,19,36
1353,2019/2/11,2,11,12,19,21,24
1354,2019/2/14,4,25,27,28,32,41
1355,2019/2/18,5,15,27,29,34,37
1356,2019/2/21,4,6,10,16,24,43
1357,2019/2/25,2,3,8,15,19,28
1358,2019/2/28,9,15,23,27,29,40
1359,2019/3/4,6,8,14,18,25,41
1360,2019/3/7,4,9,10,16,17,42
1361,2019/3/11,3,4,12,18,28,38
1362,2019/3/14,8,16,19,28,36,39
1363,2019/3/18,2,5,23,36,37,41
1364,2019/3/21,5,13,14,16,25,27
1365,2019/3/25,4,7,14,20,31,41
1366,2019/3/28,14,15,17,29,31,39
1367,2019/4/1,3,8,11,14,22,41
1368,2019/4/4,6,11,17,20,34,35
1369,2019/4/8,12,15,25,32,41,43
1370,2019/4/11,8,22,24,30,40,41
1371,2019/4/15,4,5,6,7,24,28
1372,2019/4/18,3,5,10,21,33,39
1373,2019/4/22,1,10,13,18,20,41
1374,2019/4/25,1,4,5,19,23,35
1375,2019/4/29,2,5,21,22,31,38
1376,2019/5/2,2,5,22,31,32,43
1377,2019/5/6,1,7,13,24,40,43
1378,2019/5/9,1,10,15,24,35,43
1379,2019/5/13,1,2,19,21,24,37
1380,2019/5/16,1,3,24,26,29,33
1381,2019/5/20,2,4,5,16,19,38
1382,2019/5/23,8,9,12,25,26,28
1383,2019/5/27,2,4,9,15,18,39
1384,2019/5/30,3,6,13,32,38,43
1385,2019/6/3,9,20,28,35,41,43
1386,2019/6/6,4,11,14,15,20,38
1387,2019/6/10,11,27,29,30,37,38
1388,2019/6/13,9,10,12,15,29,37
1389,2019/6/17,6,16,21,23,26,42
1390,2019/6/20,10,11,13,28,34,39
1391,2019/6/24,3,12,23,31,36,42
1392,2019/6/27,6,9,12,19,40,42
1393,2019/7/1,7,11,26,32,42,43
1394,2019/7/4,8,9,35,36,42,43
1395,2019/7/8,5,16,18,27,30,43
1396,2019/7/11,3,7,11,15,23,41
1397,2019/7/15,9,18,19,21,25,26
1398,2019/7/18,23,29,34,35,40,43
1399,2019/7/22,7,20,21,33,41,43
1400,2019/7/25,8,10,26,31,34,39
1401,2019/7/29,2,13,23,24,25,33
1402,2019/8/1,10,24,26,33,36,42
1403,2019/8/5,1,3,10,27,34,41
1404,2019/8/8,2,17,29,37,38,39
1405,2019/8/12,3,4,6,19,23,24
1406,2019/8/15,20,24,27,29,34,35
1407,2019/8/19,10,13,19,28,33,39
1408,2019/8/22,2,17,24,26,34,43
1409,2019/8/26,5,6,8,20,22,25
1410,2019/8/29,8,14,17,25,36,41
1411,2019/9/2,2,5,7,20,25,28
1412,2019/9/5,2,19,24,25,32,42
1413,2019/9/9,7,13,17,21,24,26
1414,2019/9/12,12,19,21,26,40,41
1415,2019/9/16,1,3,7,34,39,40
1416,2019/9/19,2,9,10,15,24,36
1417,2019/9/23,3,10,25,26,27,31
1418,2019/9/26,4,21,32,35,42,43
1419,2019/9/30,5,10,11,12,21,37
1420,2019/10/3,1,2,14,16,22,28
1421,2019/10/7,2,14,20,23,37,43
1422,2019/10/10,12,14,17,20,24,30
1423,2019/10/14,11,24,29,36,37,42
1424,2019/10/17,6,7,25,26,33,36
1425,2019/10/21,1,24,28,33,35,42
1426,2019/10/24,4,13,17,19,30,43
1427,2019/10/28,1,7,25,26,38,41
1428,2019/10/31,16,18,19,34,35,36
1429,2019/11/4,4,8,13,18,21,23
1430,2019/11/7,4,7,9,12,20,28
1431,2019/11/11,2,27,28,33,38,40
1432,2019/11/14,4,5,15,32,33,43
1433,2019/11/18,3,5,12,16,38,42
1434,2019/11/21,2,20,30,38,39,40
1435,2019/11/25,2,4,16,21,22,40
1436,2019/11/28,3,7,17,18,30,36
1437,2019/12/2,3,11,24,25,37,40
1438,2019/12/5,2,5,6,20,33,38
1439,2019/12/9,11,17,23,28,34,41
1440,2019/12/12,1,7,20,31,41,42
1441,2019/12/16,12,22,24,33,35,42
1442,2019/12/19,12,21,35,36,40,43
1443,2019/12/23,2,4,8,10,22,33
1444,2019/12/26,11,20,24,25,30,37
1445,2019/12/30,3,14,24,29,30,42
1446,2020/1/9,2,5,11,20,21,32
1447,2020/1/13,2,9,12,13,14,22
1448,2020/1/16,10,12,25,29,32,41
1449,2020/1/20,6,19,20,26,34,38
1450,2020/1/23,24,25,26,27,34,36
1451,2020/1/27,2,6,10,20,24,43
1452,2020/1/30,17,19,29,31,37,39
1453,2020/2/3,10,22,26,27,28,41
1454,2020/2/6,3,15,19,34,37,40
1455,2020/2/10,1,10,12,22,34,43
1456,2020/2/13,2,18,19,24,29,31
1457,2020/2/17,1,3,11,17,20,37
1458,2020/2/20,4,16,19,22,26,29
1459,2020/2/24,2,17,19,24,28,29
1460,2020/2/27,3,6,10,15,29,30
1461,2020/3/2,5,7,8,18,22,26
1462,2020/3/5,4,18,19,28,33,36
1463,2020/3/9,18,29,32,34,35,39
1464,2020/3/12,8,13,14,18,29,31
1465,2020/3/16,11,15,16,24,28,38
1466,2020/3/19,6,10,15,18,32,40
1467,2020/3/23,3,14,16,25,26,38
1468,2020/3/26,4,8,15,24,25,31
1469,2020/3/30,4,9,10,13,24,27
1470,2020/4/2,4,8,14,16,39,40
1471,2020/4/6,1,3,8,32,37,43
1472,2020/4/9,1,6,7,9,23,40
1473,2020/4/13,1,5,6,27,33,38
1474,2020/4/16,4,6,8,22,27,32
1475,2020/4/20,6,7,9,20,21,27
1476,2020/4/23,6,22,38,40,41,42
1477,2020/4/27,4,13,14,25,27,32
1478,2020/4/30,7,12,15,21,40,42
1479,2020/5/4,1,20,30,32,35,37
1480,2020/5/7,2,4,5,6,24,34
1481,2020/5/11,3,9,21,31,41,42
1482,2020/5/14,8,26,28,32,41,43
1483,2020/5/18,3,10,20,23,29,43
1484,2020/5/21,4,12,17,18,23,41
1485,2020/5/25,9,10,18,27,28,35
1486,2020/5/28,18,24,29,33,39,42
1487,2020/6/1,5,7,9,17,24,35
1488,2020/6/4,4,10,11,17,34,37
1489,2020/6/8,4,6,11,13,23,32
1490,2020/6/11,7,19,24,29,39,43
1491,2020/6/15,8,11,23,31,34,37
1492,2020/6/18,4,16,18,32,38,42
1493,2020/6/22,11,18,24,27,37,38
1494,2020/6/25,8,15,17,24,26,38
1495,2020/6/29,18,24,32,34,37,41
1496,2020/7/2,5,9,13,16,17,34
1497,2020/7/6,6,22,28,30,35,37
1498,2020/7/9,1,6,7,9,31,37
1499,2020/7/13,10,11,27,28,29,37
1500,2020/7/16,19,21,22,28,29,30
1501,2020/7/20,6,10,13,25,31,38
1502,2020/7/23,1,17,25,28,32,42
1503,2020/7/27,1,8,16,35,40,42
1504,2020/7/30,5,7,9,21,42,43
1505,2020/8/3,1,2,14,15,21,34
1506,2020/8/6,10,12,19,28,35,41
1507,2020/8/10,19,20,22,30,35,43
1508,2020/8/13,9,13,28,29,32,40
1509,2020/8/17,6,11,12,34,36,41
1510,2020/8/20,8,13,17,18,21,38
1511,2020/8/24,11,16,22,24,38,40
1512,2020/8/27,1,11,12,24,32,38
1513,2020/8/31,13,14,18,19,25,42
1514,2020/9/3,11,16,22,29,37,43
1515,2020/9/7,5,9,17,21,27,29
1516,2020/9/10,25,32,34,37,41,42
1517,2020/9/14,14,25,27,30,39,41
1518,2020/9/17,6,15,16,22,36,41
1519,2020/9/21,5,8,20,21,27,43
1520,2020/9/24,1,6,11,13,30,33
1521,2020/9/28,17,21,22,40,41,42
1522,2020/10/1,5,17,21,22,32,35
1523,2020/10/5,2,15,17,25,34,38
1524,2020/10/8,2,3,15,24,30,43
1525,2020/10/12,3,7,20,21,28,32
1526,2020/10/15,4,17,19,21,39,41
1527,2020/10/19,2,5,9,11,27,32
1528,2020/10/22,1,14,17,34,35,37
1529,2020/10/26,3,19,26,28,33,40
1530,2020/10/29,2,5,10,34,37,40
1531,2020/11/2,2,6,7,10,30,33
1532,2020/11/5,2,9,14,16,17,21
1533,2020/11/9,15,22,27,37,38,41
1534,2020/11/12,1,9,18,22,24,43
1535,2020/11/16,1,9,14,30,35,38
1536,2020/11/19,2,5,9,30,37,40
1537,2020/11/23,6,13,14,32,33,37
1538,2020/11/26,8,14,19,33,35,40
1539,2020/11/30,13,29,33,37,41,42
1540,2020/12/3,1,20,25,28,33,37
1541,2020/12/7,12,26,28,32,33,35
1542,2020/12/10,11,12,16,17,20,36
1543,2020/12/14,17,21,26,33,36,38
1544,2020/12/17,3,11,25,26,39,42
1545,2020/12/21,8,14,15,26,37,43
1546,2020/12/24,1,18,19,24,31,40
1547,2020/12/28,4,11,14,17,22,39
1548,2021/1/4,18,24,26,35,39,42
1549,2021/1/7,4,5,27,28,35,41
1550,2021/1/11,8,11,22,32,37,42
1551,2021/1/14,3,14,18,24,38,43
1552,2021/1/18,5,9,15,30,32,39
1553,2021/1/21,7,8,16,32,41,42
1554,2021/1/25,6,14,16,27,40,42
1555,2021/1/28,2,8,17,23,24,27
1556,2021/2/1,10,19,28,30,38,42
1557,2021/2/4,5,21,22,23,26,39
1558,2021/2/8,1,12,25,27,39,42
1559,2021/2/11,4,15,17,20,26,31
1560,2021/2/15,7,19,24,32,40,42
1561,2021/2/18,12,15,26,34,35,38
1562,2021/2/22,2,4,15,16,26,33
1563,2021/2/25,1,12,20,26,35,37
1564,2021/3/1,5,6,18,20,27,37
1565,2021/3/4,5,9,17,28,30,37
1566,2021/3/8,12,13,20,24,30,35
1567,2021/3/11,5,7,19,26,37,40
1568,2021/3/15,2,5,7,10,16,34
1569,2021/3/18,2,8,29,31,32,33
1570,2021/3/22,1,19,22,23,31,36
1571,2021/3/25,1,2,5,25,40,41
1572,2021/3/29,4,6,10,19,28,38
1573,2021/4/1,2,10,16,38,39,43
1574,2021/4/5,1,2,3,20,31,32
1575,2021/4/8,2,8,15,24,32,39
1576,2021/4/12,5,7,10,17,29,32
1577,2021/4/15,13,14,15,28,37,39
1578,2021/4/19,3,15,17,19,21,34
1579,2021/4/22,23,29,32,33,37,42
1580,2021/4/26,5,7,11,12,24,31
1581,2021/4/29,6,12,30,31,41,43
1582,2021/5/3,18,32,35,36,39,41
1583,2021/5/6,5,7,16,34,39,41
1584,2021/5/10,13,15,18,30,37,43
1585,2021/5/13,2,6,10,13,16,32
1586,2021/5/17,2,13,19,27,40,42
1587,2021/5/20,16,21,22,27,36,43
1588,2021/5/24,6,16,27,31,32,34
1589,2021/5/27,11,21,25,31,36,39
1590,2021/5/31,10,12,15,29,33,42
1591,2021/6/3,7,9,18,21,26,43
1592,2021/6/7,4,16,25,30,36,43
1593,2021/6/10,6,17,18,35,37,38
1594,2021/6/14,1,5,6,13,34,36
1595,2021/6/17,16,21,30,32,40,43
1596,2021/6/21,10,15,30,35,42,43
1597,2021/6/24,2,3,8,17,23,32
1598,2021/6/28,9,11,26,28,39,43
1599,2021/7/1,1,2,20,22,35,38
1600,2021/7/5,7,14,22,35,37,39
1601,2021/7/8,6,13,17,18,21,41
1602,2021/7/12,1,2,7,14,32,42
1603,2021/7/15,4,6,32,35,40,42
1604,2021/7/19,12,21,23,36,37,38
1605,2021/7/22,2,5,8,20,29,40
1606,2021/7/26,18,23,25,26,32,34
1607,2021/7/29,10,13,14,15,17,22
1608,2021/8/2,10,18,22,23,25,35
1609,2021/8/5,4,12,16,34,35,41
1610,2021/8/9,1,8,13,22,41,42
1611,2021/8/12,3,14,16,24,32,36
1612,2021/8/16,5,8,12,16,27,38
1613,2021/8/19,9,17,22,25,30,41
1614,2021/8/23,4,5,20,29,40,43
1615,2021/8/26,2,5,6,13,19,29
1616,2021/8/30,1,4,6,21,34,41
1617,2021/9/2,2,19,21,24,26,41
1618,2021/9/6,2,10,14,17,37,43
1619,2021/9/9,3,5,17,20,24,38
1620,2021/9/13,7,15,19,24,25,28
1621,2021/9/16,3,10,22,23,26,39
1622,2021/9/20,16,29,34,35,40,41
1623,2021/9/23,7,12,15,17,19,29
1624,2021/9/27,3,5,17,25,33,39
1625,2021/9/30,1,4,8,11,30,42
1626,2021/10/4,9,11,19,23,30,43
1627,2021/10/7,21,22,23,26,36,38
1628,2021/10/11,1,3,10,12,26,42
1629,2021/10/14,19,23,30,31,32,40
1630,2021/10/18,10,11,24,33,34,36
1631,2021/10/21,7,15,23,26,30,35
1632,2021/10/25,1,9,24,28,31,41
1633,2021/10/28,3,7,9,26,35,36
1634,2021/11/1,18,19,20,23,29,35
1635,2021/11/4,4,8,19,32,36,43
1636,2021/11/8,1,12,24,26,30,36
1637,2021/11/11,2,3,11,16,27,36
1638,2021/11/15,21,25,26,35,39,40
1639,2021/11/18,5,9,13,20,26,32
1640,2021/11/22,8,9,19,21,27,30
1641,2021/11/25,2,5,7,12,16,20
1642,2021/11/29,5,15,16,24,34,39
1643,2021/12/2,10,11,12,15,16,40
1644,2021/12/6,1,9,14,28,32,40
1645,2021/12/9,2,8,13,14,33,40
1646,2021/12/13,3,19,21,29,39,43
1647,2021/12/16,3,8,14,15,19,35
1648,2021/12/20,2,3,22,26,35,42
1649,2021/12/23,8,16,19,23,29,41
1650,2021/12/27,1,3,15,33,39,43
1651,2021/12/30,7,12,15,21,27,32
1652,2022/1/6,8,15,16,23,38,43
1653,2022/1/10,2,7,10,12,29,36
1654,2022/1/13,9,10,14,21,22,33
1655,2022/1/17,21,23,31,38,42,43
1656,2022/1/20,11,12,14,28,36,38
1657,2022/1/24,11,13,16,19,20,38
1658,2022/1/27,10,11,19,29,30,36
1659,2022/1/31,4,10,23,25,37,42
1660,2022/2/3,3,13,29,35,42,43
1661,2022/2/7,6,14,31,35,38,43
1662,2022/2/10,4,17,18,25,26,27
1663,2022/2/14,1,6,19,21,27,39
1664,2022/2/17,7,10,17,20,21,27
1665,2022/2/21,19,22,24,29,34,41
1666,2022/2/24,14,16,26,37,41,43
1667,2022/2/28,5,8,18,25,40,43
1668,2022/3/3,5,16,21,24,31,34
1669,2022/3/7,2,4,13,14,22,29
1670,2022/3/10,1,16,20,23,32,37
1671,2022/3/14,16,27,37,38,39,43
1672,2022/3/17,6,17,22,27,37,42
1673,2022/3/21,24,33,35,36,41,43
1674,2022/3/24,14,19,25,29,33,43
1675,2022/3/28,2,3,17,27,28,34
1676,2022/3/31,5,13,21,27,31,36
1677,2022/4/4,11,20,26,31,34,38
1678,2022/4/7,3,15,17,21,22,23
1679,2022/4/11,10,12,13,21,31,41
1680,2022/4/14,4,19,29,32,35,42
1681,2022/4/18,1,7,11,13,15,42
1682,2022/4/21,6,9,10,21,33,41
1683,2022/4/25,6,15,28,30,32,43
1684,2022/4/28,5,10,26,30,34,40
1685,2022/5/2,1,26,27,28,33,37
1686,2022/5/5,7,8,9,23,25,41
1687,2022/5/9,20,21,23,26,29,35
1688,2022/5/12,2,4,10,24,34,42
1689,2022/5/16,4,7,21,22,34,42
1690,2022/5/19,8,16,21,23,29,37
1691,2022/5/23,13,16,18,29,33,41
1692,2022/5/26,4,8,17,31,37,42
1693,2022/5/30,7,8,21,23,34,36
1694,2022/6/2,2,12,14,26,32,37
1695,2022/6/6,3,8,14,18,28,37
1696,2022/6/9,2,4,13,18,32,35
1697,2022/6/13,2,3,11,12,22,35
1698,2022/6/16,6,16,18,33,42,43
1699,2022/6/20,4,6,16,27,39,42
1700,2022/6/23,11,19,20,27,31,35
1701,2022/6/27,5,8,27,30,33,39
1702,2022/6/30,2,6,7,18,27,38
1703,2022/7/4,14,22,23,30,33,38
1704,2022/7/7,1,5,18,26,39,40
1705,2022/7/11,3,6,9,28,37,41
1706,2022/7/14,13,15,32,35,37,38
1707,2022/7/18,14,16,28,34,35,36
1708,2022/7/21,1,20,29,35,40,41
1709,2022/7/25,3,4,7,20,22,41
1710,2022/7/28,1,2,21,27,32,37
1711,2022/8/1,3,32,33,34,35,40
1712,2022/8/4,1,5,15,24,25,28
1713,2022/8/8,6,32,38,39,40,42
1714,2022/8/11,11,15,20,26,33,42
1715,2022/8/15,2,6,15,16,32,37
1716,2022/8/18,2,26,27,32,38,42
1717,2022/8/22,15,21,23,24,33,36
1718,2022/8/25,1,6,9,15,18,38
1719,2022/8/29,4,11,15,16,35,39
1720,2022/9/1,1,5,18,25,32,38
1721,2022/9/5,7,8,14,17,22,39
1722,2022/9/8,2,5,30,33,36,42
1723,2022/9/12,6,10,15,16,30,38
1724,2022/9/15,6,9,24,26,33,37
1725,2022/9/19,2,10,16,17,20,28
1726,2022/9/22,9,14,16,21,27,43
1727,2022/9/26,3,13,16,22,33,42
1728,2022/9/29,4,8,14,18,26,38
1729,2022/10/3,11,15,24,25,28,31
1730,2022/10/6,4,8,16,21,22,26
1731,2022/10/10,3,7,19,21,32,35
1732,2022/10/13,3,18,19,34,38,42
1733,2022/10/17,22,24,25,27,29,39
1734,2022/10/20,5,6,11,19,28,35
1735,2022/10/24,1,21,24,33,40,41
1736,2022/10/27,6,9,25,26,27,32
1737,2022/10/31,12,14,22,24,29,33
1738,2022/11/3,7,12,20,31,33,43
1739,2022/11/7,1,7,12,36,37,39
1740,2022/11/10,14,21,24,27,31,38
1741,2022/11/14,4,14,17,19,22,42
1742,2022/11/17,16,20,22,29,33,40
1743,2022/11/21,3,17,18,19,20,42
1744,2022/11/24,1,8,21,25,26,35
1745,2022/11/28,7,9,10,21,39,40
1746,2022/12/1,3,11,14,22,27,32
1747,2022/12/5,1,9,11,14,15,40
1748,2022/12/8,8,11,23,28,36,39
1749,2022/12/12,1,4,13,17,31,34
1750,2022/12/15,3,15,18,21,34,40
1751,2022/12/19,1,12,21,24,29,42
1752,2022/12/22,2,5,15,20,22,36
1753,2022/12/26,1,2,4,9,22,25
1754,2022/12/29,3,6,7,19,35,39
1755,2023/1/5,4,11,13,26,27,36
1756,2023/1/9,19,25,29,36,37,41
1757,2023/1/12,6,12,15,35,36,39
1758,2023/1/16,7,14,28,32,42,43
1759,2023/1/19,1,10,25,27,28,33
1760,2023/1/23,8,14,18,38,39,42
1761,2023/1/26,5,7,13,21,23,30
1762,2023/1/30,1,6,7,20,37,40
1763,2023/2/2,2,6,20,30,31,41
1764,2023/2/6,16,21,26,31,39,42
1765,2023/2/9,1,10,15,19,20,32
1766,2023/2/13,16,19,25,26,35,43
1767,2023/2/16,7,15,17,21,32,35
1768,2023/2/20,6,21,30,32,39,40
1769,2023/2/23,4,11,15,19,28,32
1770,2023/2/27,1,11,18,24,37,43
1771,2023/3/2,3,6,12,16,31,42
1772,2023/3/6,5,21,22,30,32,36
1773,2023/3/9,12,21,22,27,31,32
1774,2023/3/13,17,18,26,30,36,40
1775,2023/3/16,4,5,9,26,27,29
1776,2023/3/20,5,11,18,25,33,38
1777,2023/3/23,5,16,19,21,30,35
1778,2023/3/27,9,19,24,25,26,39
1779,2023/3/30,11,13,20,33,35,40
1780,2023/4/3,1,5,19,26,35,37
1781,2023/4/6,10,18,32,39,41,42
1782,2023/4/10,7,31,32,36,39,42
1783,2023/4/13,5,14,19,23,30,42
1784,2023/4/17,3,19,30,32,36,40
1785,2023/4/20,4,11,24,35,37,42
1786,2023/4/24,2,5,6,26,33,35
1787,2023/4/27,2,13,17,19,41,43
1788,2023/5/1,3,14,16,19,26,39
1789,2023/5/4,6,9,16,26,29,34
1790,2023/5/8,6,14,18,22,29,30
1791,2023/5/11,8,9,18,19,30,36
1792,2023/5/15,1,4,16,31,32,41
1793,2023/5/18,1,6,14,15,23,24
1794,2023/5/22,24,29,32,35,36,40
1795,2023/5/25,26,30,31,35,41,43
1796,2023/5/29,2,5,15,16,23,26
1797,2023/6/1,15,23,26,34,41,43
1798,2023/6/5,4,5,19,32,34,37
1799,2023/6/8,11,18,34,40,41,42
1800,2023/6/12,6,12,13,15,17,41
1801,2023/6/15,18,25,26,37,39,43
1802,2023/6/19,1,9,34,35,39,42
1803,2023/6/22,9,16,18,19,39,41
1804,2023/6/26,12,14,18,25,36,42
1805,2023/6/29,4,22,27,31,32,40
1806,2023/7/3,11,30,35,38,40,43
1807,2023/7/6,1,2,8,9,10,20
1808,2023/7/10,2,10,27,38,40,41
1809,2023/7/13,2,5,10,22,24,42
1810,2023/7/17,4,17,26,30,31,43
1811,2023/7/20,2,4,6,13,20,38
1812,2023/7/24,10,13,18,28,36,39
1813,2023/7/27,5,22,26,34,39,42
1814,2023/7/31,1,2,13,21,23,31
1815,2023/8/3,3,8,10,25,26,29
1816,2023/8/7,2,21,25,34,35,40
1817,2023/8/10,6,24,30,33,37,38
1818,2023/8/14,2,11,23,25,34,36
1819,2023/8/17,5,8,18,20,24,34
1820,2023/8/21,5,10,30,35,36,41
1821,2023/8/24,9,11,12,14,27,38
1822,2023/8/28,5,18,21,22,26,42
1823,2023/8/31,4,10,18,25,34,38
1824,2023/9/4,6,7,13,18,25,43
1825,2023/9/7,1,10,13,17,20,41
1826,2023/9/11,7,14,18,19,22,25
1827,2023/9/14,1,13,18,23,38,41
1828,2023/9/18,1,6,9,16,18,22
1829,2023/9/21,12,15,16,17,28,42
1830,2023/9/25,4,10,23,29,31,36
1831,2023/9/28,1,14,17,27,32,43
1832,2023/10/2,2,7,20,25,35,40
1833,2023/10/5,7,13,34,37,42,43
1834,2023/10/9,14,21,30,38,40,42
1835,2023/10/12,11,20,23,24,31,33
1836,2023/10/16,13,17,18,22,23,41
1837,2023/10/19,16,17,27,34,38,42
1838,2023/10/23,3,13,23,28,30,43
1839,2023/10/26,2,5,26,32,34,40
1840,2023/10/30,4,9,15,21,26,33
1841,2023/11/2,8,11,15,31,33,38
1842,2023/11/6,4,6,9,24,26,29
1843,2023/11/9,4,5,10,19,26,37
1844,2023/11/13,12,15,28,31,34,43
1845,2023/11/16,10,22,25,30,31,39
1846,2023/11/20,6,8,15,16,33,37
1847,2023/11/23,18,22,25,35,36,39
1848,2023/11/27,3,23,26,27,31,35
1849,2023/11/30,11,15,17,33,36,41
1850,2023/12/4,1,8,23,30,36,41
1851,2023/12/7,8,9,10,16,17,39
1852,2023/12/11,15,16,24,26,35,43
1853,2023/12/14,11,13,24,26,28,34
1854,2023/12/18,7,8,12,25,30,32
1855,2023/12/21,21,24,26,30,31,38
1856,2023/12/25,4,10,19,31,34,35
1857,2023/12/28,11,16,20,23,38,41
1858,2024/1/4,12,13,17,22,35,40
1859,2024/1/8,1,4,11,28,37,39
1860,2024/1/11,8,15,20,21,31,34
1861,2024/1/15,2,12,13,27,39,40
1862,2024/1/18,25,27,33,37,38,43
1863,2024/1/22,15,20,24,37,38,39
1864,2024/1/25,14,22,28,34,41,42
1865,2024/1/29,3,5,18,21,26,36
1866,2024/2/1,8,19,21,29,38,40
1867,2024/2/5,1,6,17,28,40,42
1868,2024/2/8,3,7,22,23,24,32
1869,2024/2/12,7,8,16,28,36,37
1870,2024/2/15,5,9,13,23,25,40
1871,2024/2/19,7,13,22,24,38,42
1872,2024/2/22,3,18,20,25,34,40
1873,2024/2/26,6,15,26,33,39,41
1874,2024/2/29,13,31,33,36,41,43
1875,2024/3/4,11,15,16,24,38,39
1876,2024/3/7,4,7,17,31,38,43
1877,2024/3/11,1,11,13,16,21,37
1878,2024/3/14,6,8,12,18,32,38
1879,2024/3/18,1,8,14,27,29,37
1880,2024/3/21,9,14,21,31,33,43
1881,2024/3/25,2,9,22,31,33,35
1882,2024/3/28,3,6,11,25,36,43
1883,2024/4/1,3,11,24,25,28,32
1884,2024/4/4,20,25,29,36,38,42
1885,2024/4/8,2,6,7,16,17,41
1886,2024/04/11,1,6,19,25,33,39
1887,2024/4/15,5,7,15,18,36,37
1888,2024/4/18,4,5,6,28,29,39
1889,2024/4/22,7,15,21,27,28,32
1890,2024/4/25,17,21,29,34,41,42
1891,2024/4/29,2,16,23,38,40,43
1892,2024/5/2,7,8,9,19,22,38
1893,2024/5/6,25,31,33,35,37,42
1894,2024/5/9,19,29,36,37,41,42
1895,2024/5/13,6,18,29,33,35,40
1896,2024/5/16,5,12,15,16,28,40
1897,2024/5/20,7,23,27,30,34,36
1898,2024/5/23,5,19,23,26,31,42
1899,2024/5/27,2,4,9,19,33,36
1900,2024/5/30,3,9,29,30,39,42
1901,2024/6/3,14,15,26,28,33,37
1902,2024/6/6,4,7,15,18,35,40
1903,2024/6/10,18,19,23,25,27,32
1904,2024/6/13,14,21,23,24,28,36
1905,2024/6/17,4,5,17,20,29,30
1906,2024/6/20,1,8,21,22,30,42
1907,2024/6/24,10,14,21,23,24,40
1908,2024/6/27,3,9,21,25,42,43
1909,2024/7/1,3,5,7,8,22,27
1910,2024/7/4,2,8,24,29,30,31
1911,2024/7/8,4,8,9,14,16,41
1912,2024/7/11,1,11,24,29,33,34
1913,2024/7/15,2,5,22,23,29,33
1914,2024/7/18,4,10,22,24,36,38
1915,2024/7/22,4,10,14,19,24,40
1916,2024/7/25,5,13,18,23,30,39
1917,2024/7/29,3,12,14,29,30,33
1918,2024/8/1,3,4,5,6,18,20
1919,2024/8/5,5,17,19,21,38,41
1920,2024/8/8,6,10,22,23,31,36
1921,2024/8/12,1,2,13,25,33,41
1922,2024/8/15,3,11,22,31,33,35
1923,2024/8/19,6,7,18,30,34,37
1924,2024/8/22,7,16,18,25,26,27
1925,2024/8/26,5,9,11,18,34,37
1926,2024/8/29,10,13,18,24,34,37
1927,2024/9/2,2,11,18,26,32,36
1928,2024/9/5,2,18,20,24,26,29
1929,2024/9/9,7,10,12,20,40,43
1930,2024/9/12,5,10,19,23,29,37
1931,2024/9/16,9,23,27,30,33,41
1932,2024/9/19,1,5,16,20,24,31
1933,2024/9/23,3,7,9,10,12,30
1934,2024/9/26,6,13,16,20,27,41
1935,2024/9/30,3,8,12,14,17,40
1936,2024/10/3,1,6,19,29,33,35
1937,2024/10/7,1,9,26,28,31,38
1938,2024/10/10,5,9,14,32,39,41
1939,2024/10/14,10,22,26,27,29,37
1940,2024/10/17,2,14,15,25,26,42
1941,2024/10/21,2,12,13,21,23,43
1942,2024/10/24,1,16,18,26,27,35
1943,2024/10/28,10,11,17,25,34,38
1944,2024/10/31,6,11,21,33,39,42
1945,2024/11/4,1,2,4,14,27,43
1946,2024/11/7,8,9,11,27,36,38
1947,2024/11/11,10,24,30,36,37,41
1948,2024/11/14,18,29,30,38,39,43
1949,2024/11/18,12,13,17,28,37,43
1950,2024/11/21,9,20,26,28,30,42
1951,2024/11/25,1,3,6,23,28,35
1952,2024/11/28,24,25,31,32,34,40
1953,2024/12/2,19,23,29,33,36,40
1954,2024/12/5,2,10,15,25,35,37
1955,2024/12/9,11,19,26,28,29,36
1956,2024/12/12,2,19,21,24,35,42
1957,2024/12/16,3,4,5,13,34,42
1958,2024/12/19,1,15,16,20,21,25
1959,2024/12/23,19,20,36,40,41,43
1960,2024/12/26,10,22,27,28,31,32
1961,2024/12/30,11,12,27,28,38,43
1962,2025/1/6,4,8,19,22,32,37
1963,2025/1/9,3,4,20,29,35,38
1964,2025/1/13,2,5,28,33,35,36
1965,2025/1/16,17,18,20,23,33,43
1966,2025/1/20,4,12,25,29,34,36
1967,2025/1/23,3,4,22,26,29,35
1968,2025/1/27,6,13,15,22,35,41
1969,2025/1/30,3,7,12,13,35,38
1970,2025/2/3,11,26,27,31,36,37
1971,2025/2/6,2,6,9,26,32,36
1972,2025/2/10,3,14,27,28,32,36
1973,2025/2/13,7,10,14,27,28,32
1974,2025/2/17,2,6,13,21,24,30
1975,2025/2/20,11,13,15,20,35,42
1976,2025/2/24,4,6,22,30,33,36
1977,2025/2/27,4,14,20,28,29,34
1978,2025/3/3,23,25,26,30,34,35
1979,2025/3/6,15,18,19,21,37,40
1980,2025/3/10,1,2,13,19,35,41
1981,2025/3/13,5,10,15,17,29,41
1982,2025/3/17,20,21,23,28,32,34
1983,2025/3/20,3,18,31,36,37,40
1984,2025/3/24,4,19,28,29,34,40
1985,2025/3/27,1,30,36,37,41,43
1986,2025/3/31,14,20,29,31,41,42
1987,2025/4/3,8,12,25,28,32,42
1988,2025/4/7,6,20,23,24,33,35
1989,2025/4/10,15,17,23,29,35,43
1990,2025/4/14,6,9,15,19,24,40
1991,2025/4/17,1,5,12,16,17,40
1992,2025/4/21,9,11,18,21,27,34
1993,2025/4/24,7,12,13,35,37,42
1994,2025/4/28,10,11,13,16,24,26
1995,2025/5/1,2,4,8,26,27,37
1996,2025/5/5,6,17,26,28,33,34
1997,2025/5/8,5,16,17,28,36,40
1998,2025/5/12,1,4,6,9,20,43
1999,2025/5/15,17,31,34,35,36,38
2000,2025/5/19,1,2,16,21,25,35
2001,2025/5/22,13,21,24,26,34,36
2002,2025/5/26,1,17,19,23,36,42
2003,2025/5/29,1,5,10,13,35,40
2004,2025/6/2,16,18,25,27,31,36
2005,2025/6/5,3,7,18,27,33,34
2006,2025/6/9,4,7,19,22,26,28
2007,2025/6/12,6,18,23,24,30,35
2008,2025/6/16,5,8,9,17,22,36
2009,2025/6/19,8,17,20,35,36,40
2010,2025/6/23,9,15,24,29,31,40
2011,2025/6/26,12,14,18,24,30,42
2012,2025/6/30,1,14,20,36,38,41
2013,2025/7/3,7,12,30,31,39,43
2014,2025/7/7,7,11,21,24,29,34
2015,2025/7/10,6,8,13,16,20,23
2016,2025/7/14,10,13,27,31,40,42
2017,2025/7/17,2,4,11,22,24,35
2018,2025/7/21,1,2,14,21,22,33
2019,2025/7/24,7,13,14,21,39,42
2020,2025/7/28,5,21,23,28,38,39
2021,2025/7/31,2,17,22,29,30,43
2022,2025/8/4,2,3,18,26,31,33
2023,2025/8/7,1,20,28,29,31,43
2024,2025/8/11,10,13,16,29,34,42
2025,2025/8/14,12,18,26,28,41,43
2026,2025/8/18,2,5,8,11,20,26
2027,2025/8/21,5,12,18,23,34,39
2028,2025/8/25,6,10,12,19,21,42
2029,2025/8/28,7,21,31,36,40,43
2030,2025/9/1,3,7,28,29,32,36
2031,2025/9/4,2,3,16,20,23,29
2032,2025/9/8,8,15,27,33,37,39
2033,2025/9/11,5,16,21,22,33,35
2034,2025/9/15,2,13,22,25,35,37
2035,2025/9/18,5,10,12,17,21,35
2036,2025/9/22,7,10,17,26,35,42
2037,2025/9/25,7,12,20,23,27,29
2038,2025/9/29,5,31,37,39,41,42
2039,2025/10/2,2,15,25,27,38,42
2040,2025/10/6,7,12,14,15,24,30
2041,2025/10/9,4,19,22,24,32,38
2042,2025/10/13,9,14,29,38,41,43
2043,2025/10/16,11,19,22,34,40,42
2044,2025/10/20,1,6,11,26,33,40
2045,2025/10/23,1,4,7,12,16,28
2046,2025/10/27,2,5,10,22,25,38
2047,2025/10/30,10,11,16,19,37,39
2048,2025/11/3,8,13,18,32,37,43
2049,2025/11/6,10,24,25,39,40,42
2050,2025/11/10,6,11,15,21,25,32
2051,2025/11/13,3,15,27,28,31,39
2052,2025/11/17,1,3,18,25,30,34
2053,2025/11/20,20,28,31,35,37,41
2054,2025/11/24,1,14,27,30,33,37
2055,2025/11/27,11,12,14,17,21,26
2056,2025/12/1,3,7,15,17,19,30
2057,2025/12/4,5,7,21,22,38,41
2058,2025/12/8,9,12,14,16,19,42
2059,2025/12/11,2,13,26,28,38,43
2060,2025/12/15,8,16,22,40,41,42
2061,2025/12/18,5,6,13,21,33,34
2062,2025/12/22,1,9,18,24,35,42
2063,2025/12/25,4,28,29,30,38,42
2064,2025/12/29,2,7,24,37,39,41
2065,2026/1/5,6,18,21,31,37,40
2066,2026/1/8,8,28,30,32,37,38
2067,2026/1/12,3,4,12,15,32,42
2068,2026/1/15,2,10,13,14,29,33
2069,2026/1/19,6,17,23,27,33,35
2070,2026/1/22,6,10,25,30,34,36
2071,2026/1/26,15,24,29,32,33,35
2072,2026/1/29,8,18,24,36,40,42
2073,2026/2/2,2,12,14,24,26,29
2074,2026/2/5,5,6,16,26,27,36
2075,2026/2/9,7,10,14,16,35,37
2076,2026/2/12,1,9,20,22,28,41
2077,2026/2/16,17,18,23,24,26,43
2078,2026/2/19,1,10,20,24,30,35
2079,2026/2/23,5,11,15,17,24,39
2080,2026/2/26,6,12,30,36,37,38
2081,2026/3/2,14,31,32,37,41,42
2082,2026/3/5,5,11,14,19,25,40
