draw_id,date,num1,num2,num3,num4,num5,sum_val,odd_count,even_count,sum_moving_avg_5
1,1999/4/13,1,3,17,20,25,66,4,1,66.0
2,1999/4/27,2,11,12,21,30,76,2,3,76.0
3,1999/5/11,1,8,10,24,30,73,1,4,73.0
4,1999/5/25,11,12,14,20,31,88,2,3,88.0
5,1999/6/8,8,9,15,21,25,78,4,1,76.2
6,1999/6/22,2,11,16,24,29,82,2,3,79.4
7,1999/7/6,3,24,25,26,31,109,3,2,86.0
8,1999/7/20,22,24,25,28,30,129,1,4,97.2
9,1999/8/3,2,11,12,13,28,66,2,3,92.8
10,1999/8/17,8,19,21,23,30,101,3,2,97.4
11,1999/8/31,17,18,19,20,30,104,2,3,101.8
12,1999/9/14,5,9,13,16,19,62,4,1,92.4
13,1999/9/28,6,11,18,25,28,88,2,3,84.2
14,1999/10/5,2,21,24,26,29,102,2,3,91.4
15,1999/10/12,6,8,17,23,24,78,2,3,86.8
16,1999/10/19,2,20,24,26,27,99,1,4,85.8
17,1999/10/26,10,18,20,25,27,100,2,3,93.4
18,1999/11/2,1,14,16,23,25,79,3,2,91.6
19,1999/11/9,2,9,10,22,27,70,2,3,85.2
20,1999/11/16,14,20,22,25,30,111,1,4,91.8
21,1999/11/23,3,15,22,25,31,96,4,1,91.2
22,1999/11/30,4,6,26,28,30,94,0,5,90.0
23,1999/12/7,2,13,18,22,26,81,1,4,90.4
24,1999/12/14,12,14,19,26,28,99,1,4,96.2
25,1999/12/21,2,3,7,18,29,59,3,2,85.8
26,1999/12/28,7,8,9,14,15,53,3,2,77.2
27,2000/1/4,10,16,20,21,31,98,2,3,78.0
28,2000/1/11,2,9,15,22,29,77,3,2,77.2
29,2000/1/18,9,12,17,26,31,95,3,2,76.4
30,2000/1/25,10,15,17,18,30,90,2,3,82.6
31,2000/2/1,14,20,21,24,28,107,1,4,93.4
32,2000/2/8,2,11,13,16,24,66,2,3,87.0
33,2000/2/15,2,3,8,9,30,52,2,3,82.0
34,2000/2/22,4,9,18,28,29,88,2,3,80.6
35,2000/2/29,10,11,18,24,26,89,1,4,80.4
36,2000/3/7,4,8,15,16,21,64,2,3,71.8
37,2000/3/14,6,7,10,16,31,70,2,3,72.6
38,2000/3/21,11,16,17,19,31,94,4,1,81.0
39,2000/3/28,1,9,15,26,30,81,3,2,79.6
40,2000/4/4,4,16,24,25,27,96,2,3,81.0
41,2000/4/11,10,16,19,22,26,93,1,4,86.8
42,2000/4/18,2,5,19,24,31,81,3,2,89.0
43,2000/4/25,3,6,11,16,30,66,2,3,83.4
44,2000/5/2,5,18,20,25,27,95,3,2,86.2
45,2000/5/9,7,13,19,24,26,89,3,2,84.8
46,2000/5/16,2,10,22,23,26,83,1,4,82.8
47,2000/5/23,2,6,8,17,29,62,2,3,79.0
48,2000/5/30,2,9,11,13,31,66,4,1,79.0
49,2000/6/6,10,13,14,23,25,85,3,2,77.0
50,2000/6/13,4,5,6,8,10,33,1,4,65.8
51,2000/6/20,5,7,15,16,31,74,4,1,64.0
52,2000/6/27,4,10,12,26,31,83,1,4,68.2
53,2000/7/4,4,13,14,15,17,63,3,2,67.6
54,2000/7/11,4,5,15,18,21,63,3,2,63.2
55,2000/7/18,4,10,11,18,31,74,2,3,71.4
56,2000/7/25,1,3,7,10,27,48,4,1,66.2
57,2000/8/1,3,21,23,27,29,103,5,0,70.2
58,2000/8/8,1,2,4,10,24,41,1,4,65.8
59,2000/8/15,9,15,20,21,22,87,3,2,70.6
60,2000/8/22,16,17,22,23,26,104,2,3,76.6
61,2000/8/29,9,23,24,29,30,115,3,2,90.0
62,2000/9/5,5,10,13,17,29,74,4,1,84.2
63,2000/9/12,3,5,6,22,28,64,2,3,88.8
64,2000/9/19,5,10,11,12,23,61,3,2,83.6
65,2000/9/26,8,9,10,17,23,67,3,2,76.2
66,2000/10/3,5,6,12,17,20,60,2,3,65.2
67,2000/10/10,4,5,8,14,27,58,2,3,62.0
68,2000/10/17,5,6,21,22,24,78,2,3,64.8
69,2000/10/24,5,6,9,23,30,73,3,2,67.2
70,2000/10/31,1,5,7,17,21,51,5,0,64.0
71,2000/11/7,11,17,18,22,30,98,2,3,71.6
72,2000/11/14,8,10,24,28,30,100,0,5,80.0
73,2000/11/21,4,6,8,26,30,74,0,5,79.2
74,2000/11/28,4,6,16,22,28,76,0,5,79.8
75,2000/12/5,7,14,16,17,29,83,3,2,86.2
76,2000/12/12,6,11,13,16,23,69,3,2,80.4
77,2000/12/19,2,3,10,22,26,63,1,4,73.0
78,2000/12/26,4,11,19,20,22,76,2,3,73.4
79,2001/1/9,2,13,16,26,30,87,1,4,75.6
80,2001/1/16,7,10,13,18,22,70,2,3,73.0
81,2001/1/23,1,7,10,16,25,59,3,2,71.0
82,2001/1/30,1,3,11,27,30,72,4,1,72.8
83,2001/2/6,1,6,11,23,26,67,3,2,71.0
84,2001/2/13,1,15,29,30,31,106,4,1,74.8
85,2001/2/20,9,11,14,20,29,83,3,2,77.4
86,2001/2/27,2,8,13,20,24,67,1,4,79.0
87,2001/3/6,1,5,12,23,27,68,4,1,78.2
88,2001/3/13,4,19,26,27,30,106,2,3,86.0
89,2001/3/20,5,7,24,27,29,92,4,1,83.2
90,2001/3/27,6,12,14,21,27,80,2,3,82.6
91,2001/4/3,8,9,15,18,22,72,2,3,83.6
92,2001/4/10,2,3,11,22,30,68,2,3,83.6
93,2001/4/17,11,15,22,26,27,101,3,2,82.6
94,2001/4/24,16,19,20,26,29,110,2,3,86.2
95,2001/5/1,4,5,7,8,31,55,3,2,81.2
96,2001/5/8,1,5,6,14,27,53,3,2,77.4
97,2001/5/15,6,12,15,19,22,74,2,3,78.6
98,2001/5/22,1,2,9,11,20,43,3,2,67.0
99,2001/5/29,3,7,10,13,15,48,4,1,54.6
100,2001/6/5,11,12,19,20,31,93,3,2,62.2
101,2001/6/12,2,10,11,13,26,62,2,3,64.0
102,2001/6/19,5,10,11,25,28,79,3,2,65.0
103,2001/6/26,10,13,19,21,30,93,3,2,75.0
104,2001/7/3,3,4,7,21,30,65,3,2,78.4
105,2001/7/10,6,11,14,21,27,79,3,2,75.6
106,2001/7/17,3,5,11,12,18,49,3,2,73.0
107,2001/7/24,4,8,12,26,27,77,1,4,72.6
108,2001/7/31,6,10,20,27,29,92,2,3,72.4
109,2001/8/7,3,5,15,19,22,64,4,1,72.2
110,2001/8/14,3,7,13,22,27,72,4,1,70.8
111,2001/8/21,10,19,24,27,31,111,3,2,83.2
112,2001/8/28,5,7,15,26,27,80,4,1,83.8
113,2001/9/4,1,2,6,16,28,53,1,4,76.0
114,2001/9/11,3,5,6,7,11,32,4,1,69.6
115,2001/9/18,10,15,29,30,31,115,3,2,78.2
116,2001/9/25,2,7,13,18,23,63,3,2,68.6
117,2001/10/2,5,11,12,23,24,75,3,2,67.6
118,2001/10/9,2,4,12,20,23,61,1,4,69.2
119,2001/10/16,12,14,25,29,30,110,2,3,84.8
120,2001/10/23,8,12,14,18,27,79,1,4,77.6
121,2001/10/30,5,17,18,24,30,94,2,3,83.8
122,2001/11/6,1,8,23,27,28,87,3,2,86.2
123,2001/11/13,1,5,6,13,15,40,4,1,82.0
124,2001/11/20,5,7,17,19,27,75,5,0,75.0
125,2001/11/27,2,21,22,27,29,101,3,2,79.4
126,2001/12/4,7,16,18,22,25,88,2,3,78.2
127,2001/12/11,8,9,18,29,31,95,3,2,79.8
128,2001/12/18,3,6,22,24,27,82,2,3,88.2
129,2001/12/25,2,13,20,25,30,90,2,3,91.2
130,2002/1/8,3,4,11,17,26,61,3,2,83.2
131,2002/1/15,1,9,12,18,21,61,3,2,77.8
132,2002/1/22,7,13,17,19,24,80,4,1,74.8
133,2002/1/29,4,7,11,18,31,71,3,2,72.6
134,2002/2/5,4,5,13,16,18,56,2,3,65.8
135,2002/2/12,4,7,8,9,24,52,2,3,64.0
136,2002/2/19,5,11,14,18,28,76,2,3,67.0
137,2002/2/26,3,15,20,25,28,91,3,2,69.2
138,2002/3/5,1,4,21,30,31,87,3,2,72.4
139,2002/3/12,14,17,20,26,28,105,1,4,82.2
140,2002/3/19,8,9,17,20,29,83,3,2,88.4
141,2002/3/26,4,6,9,20,24,63,1,4,85.8
142,2002/4/2,10,11,24,25,30,100,2,3,87.6
143,2002/4/9,17,18,20,23,26,104,2,3,91.0
144,2002/4/16,4,13,14,19,28,78,2,3,85.6
145,2002/4/23,13,14,19,24,28,98,2,3,88.6
146,2002/4/30,1,6,11,12,18,48,2,3,85.6
147,2002/5/7,5,10,21,27,28,91,3,2,83.8
148,2002/5/14,2,7,19,26,31,85,3,2,80.0
149,2002/5/21,5,6,17,27,28,83,3,2,81.0
150,2002/5/28,2,11,16,24,26,79,1,4,77.2
151,2002/6/4,4,10,13,14,19,60,2,3,79.6
152,2002/6/11,1,2,11,22,30,66,2,3,74.6
153,2002/6/18,2,3,8,23,29,65,3,2,70.6
154,2002/6/25,2,10,16,19,22,69,1,4,67.8
155,2002/7/2,9,10,16,21,23,79,3,2,67.8
156,2002/7/9,2,3,13,19,31,68,4,1,69.4
157,2002/7/16,1,5,14,18,20,58,2,3,67.8
158,2002/7/23,3,14,16,20,31,84,2,3,71.6
159,2002/7/30,7,11,16,23,24,81,3,2,74.0
160,2002/8/6,4,23,24,30,31,112,2,3,80.6
161,2002/8/13,2,3,4,17,19,45,3,2,76.0
162,2002/8/20,6,14,17,23,31,91,3,2,82.6
163,2002/8/27,1,12,13,16,28,70,2,3,79.8
164,2002/9/3,7,9,16,26,30,88,2,3,81.2
165,2002/9/10,9,16,24,25,26,100,2,3,78.8
166,2002/9/17,8,13,21,24,28,94,2,3,88.6
167,2002/9/24,11,19,20,25,26,101,3,2,90.6
168,2002/10/1,2,8,11,16,30,67,1,4,90.0
169,2002/10/8,8,15,18,25,31,97,3,2,91.8
170,2002/10/15,2,7,14,20,22,65,1,4,84.8
171,2002/10/22,2,6,9,12,31,60,2,3,78.0
172,2002/10/29,1,4,14,21,28,68,2,3,71.4
173,2002/11/5,11,18,20,22,29,100,2,3,78.0
174,2002/11/12,1,3,8,21,22,55,3,2,69.6
175,2002/11/19,8,12,17,19,24,80,2,3,72.6
176,2002/11/26,12,14,24,26,30,106,0,5,81.8
177,2002/12/3,7,13,17,21,30,88,4,1,85.8
178,2002/12/10,3,24,26,28,31,112,2,3,88.2
179,2002/12/17,1,7,26,30,31,95,3,2,96.2
180,2002/12/24,17,18,19,21,28,103,3,2,100.8
181,2003/1/7,1,3,14,16,26,60,2,3,91.6
182,2003/1/14,2,10,14,23,24,73,1,4,88.6
183,2003/1/21,3,9,13,25,26,76,4,1,81.4
184,2003/1/28,2,10,23,30,31,96,2,3,81.6
185,2003/2/4,7,19,20,25,28,99,3,2,80.8
186,2003/2/11,8,12,20,21,25,86,2,3,86.0
187,2003/2/18,4,6,17,24,25,76,2,3,86.6
188,2003/2/25,7,16,24,25,28,100,2,3,91.4
189,2003/3/4,9,16,22,25,26,98,2,3,91.8
190,2003/3/11,4,5,21,27,29,86,4,1,89.2
191,2003/3/18,1,6,8,12,13,40,2,3,80.0
192,2003/3/25,6,7,10,11,17,51,3,2,75.0
193,2003/4/1,6,8,18,20,22,74,0,5,69.8
194,2003/4/8,3,6,15,17,23,64,4,1,63.0
195,2003/4/15,1,2,6,15,23,47,3,2,55.2
196,2003/4/22,2,4,14,21,22,63,1,4,59.8
197,2003/4/29,8,18,20,21,31,98,2,3,69.2
198,2003/5/6,13,20,21,25,28,107,3,2,75.8
199,2003/5/13,1,9,21,26,29,86,4,1,80.2
200,2003/5/20,1,4,12,13,18,48,2,3,80.4
201,2003/5/27,3,5,23,25,26,82,4,1,84.2
202,2003/6/3,6,10,11,18,31,76,2,3,79.8
203,2003/6/10,4,10,18,22,25,79,1,4,74.2
204,2003/6/17,7,18,22,24,29,100,2,3,77.0
205,2003/6/24,3,4,13,14,23,57,3,2,78.8
206,2003/7/1,6,8,12,27,31,84,2,3,79.2
207,2003/7/8,3,4,10,16,25,58,2,3,75.6
208,2003/7/15,6,10,13,16,17,62,2,3,72.2
209,2003/7/22,7,17,23,27,29,103,5,0,72.8
210,2003/7/29,9,10,18,19,29,85,3,2,78.4
211,2003/8/5,9,10,13,18,22,72,2,3,76.0
212,2003/8/12,1,5,10,14,30,60,2,3,76.4
213,2003/8/19,1,2,3,9,29,44,4,1,72.8
214,2003/8/26,2,8,16,18,28,72,0,5,66.6
215,2003/9/2,4,15,20,21,28,88,2,3,67.2
216,2003/9/9,3,7,13,16,17,56,4,1,64.0
217,2003/9/16,2,8,17,19,23,69,3,2,65.8
218,2003/9/23,9,16,24,25,29,103,3,2,77.6
219,2003/9/30,1,15,17,21,28,82,4,1,79.6
220,2003/10/7,9,10,11,21,29,80,4,1,78.0
221,2003/10/14,4,8,14,22,26,74,0,5,81.6
222,2003/10/21,10,18,21,26,28,103,1,4,88.4
223,2003/10/28,4,10,16,19,22,71,1,4,82.0
224,2003/11/4,12,16,27,30,31,116,2,3,88.8
225,2003/11/11,13,14,18,24,26,95,1,4,91.8
226,2003/11/18,4,12,14,26,30,86,0,5,94.2
227,2003/11/25,2,4,7,21,30,64,2,3,86.4
228,2003/12/2,10,17,21,24,27,99,3,2,92.0
229,2003/12/9,12,19,23,24,30,108,2,3,90.4
230,2003/12/16,4,16,17,25,26,88,2,3,89.0
231,2003/12/23,3,4,10,11,24,52,2,3,82.2
232,2003/12/30,3,12,20,24,26,85,1,4,86.4
233,2004/1/6,8,14,19,21,29,91,3,2,84.8
234,2004/1/13,16,18,22,23,26,105,1,4,84.2
235,2004/1/20,5,6,16,17,31,75,3,2,81.6
236,2004/1/27,14,17,23,24,29,107,3,2,92.6
237,2004/2/3,6,8,17,18,28,77,1,4,91.0
238,2004/2/10,13,15,17,22,25,92,4,1,91.2
239,2004/2/17,16,18,21,23,27,105,3,2,91.2
240,2004/2/24,2,6,14,28,29,79,1,4,92.0
241,2004/3/2,1,2,4,13,26,46,2,3,79.8
242,2004/3/9,5,12,23,27,31,98,4,1,84.0
243,2004/3/16,4,11,15,27,28,85,3,2,82.6
244,2004/3/23,6,11,21,22,25,85,3,2,78.6
245,2004/3/30,1,10,14,21,28,74,2,3,77.6
246,2004/4/6,1,12,15,20,23,71,3,2,82.6
247,2004/4/13,7,11,19,27,31,95,5,0,82.0
248,2004/4/20,4,13,16,24,29,86,2,3,82.2
249,2004/4/27,9,11,12,18,20,70,2,3,79.2
250,2004/5/4,1,3,11,12,31,58,4,1,76.0
251,2004/5/11,1,3,19,20,23,66,4,1,75.0
252,2004/5/18,12,18,24,27,31,112,2,3,78.4
253,2004/5/25,1,3,10,21,25,60,4,1,73.2
254,2004/6/1,3,7,22,25,29,86,4,1,76.4
255,2004/6/8,12,17,20,27,29,105,3,2,85.8
256,2004/6/15,5,9,15,16,27,72,4,1,87.0
257,2004/6/22,2,9,12,20,31,74,2,3,79.4
258,2004/6/29,4,6,9,19,22,60,2,3,79.4
259,2004/7/6,5,7,11,12,23,58,4,1,73.8
260,2004/7/13,6,7,17,19,23,72,4,1,67.2
261,2004/7/20,2,3,5,14,29,53,3,2,63.4
262,2004/7/27,5,19,23,27,28,102,4,1,69.0
263,2004/8/3,15,25,28,30,31,129,3,2,82.8
264,2004/8/10,2,4,7,25,30,68,2,3,84.8
265,2004/8/17,1,3,24,26,28,82,2,3,86.8
266,2004/8/24,3,8,25,28,31,95,3,2,95.2
267,2004/8/31,8,14,15,19,25,81,3,2,91.0
268,2004/9/7,17,18,20,27,31,113,3,2,87.8
269,2004/9/14,3,7,20,23,29,82,4,1,90.6
270,2004/9/21,9,10,11,14,19,63,3,2,86.8
271,2004/9/28,6,13,15,24,31,89,3,2,85.6
272,2004/10/5,4,16,21,28,29,98,2,3,89.0
273,2004/10/12,3,5,7,11,17,43,5,0,75.0
274,2004/10/19,7,8,9,16,25,65,3,2,71.6
275,2004/10/26,11,16,17,21,22,87,3,2,76.4
276,2004/11/2,12,16,19,20,23,90,2,3,76.6
277,2004/11/9,4,14,16,19,22,75,1,4,72.0
278,2004/11/16,8,12,13,14,24,71,1,4,77.6
279,2004/11/23,2,7,19,23,25,76,4,1,79.8
280,2004/11/30,4,9,13,15,19,60,4,1,74.4
281,2004/12/7,5,7,11,13,21,57,5,0,67.8
282,2004/12/14,1,2,18,27,29,77,3,2,68.2
283,2004/12/21,11,15,19,20,29,94,4,1,72.8
284,2004/12/28,1,5,8,11,18,43,3,2,66.2
285,2005/1/4,8,17,19,24,26,94,2,3,73.0
286,2005/1/11,14,15,20,22,30,101,1,4,81.8
287,2005/1/18,2,7,14,19,21,63,3,2,79.0
288,2005/1/25,6,16,21,29,31,103,3,2,80.8
289,2005/2/1,5,6,11,24,28,74,2,3,87.0
290,2005/2/8,3,8,11,23,30,75,3,2,83.2
291,2005/2/15,4,8,21,23,26,82,2,3,79.4
292,2005/2/22,2,7,13,25,31,78,4,1,82.4
293,2005/3/1,14,15,16,24,25,94,2,3,80.6
294,2005/3/8,14,23,26,29,31,123,3,2,90.4
295,2005/3/15,8,14,16,17,26,81,1,4,91.6
296,2005/3/22,8,14,18,24,29,93,1,4,93.8
297,2005/3/29,5,9,18,25,30,87,3,2,95.6
298,2005/4/5,8,10,12,15,22,67,1,4,90.2
299,2005/4/12,2,9,15,26,31,83,3,2,82.2
300,2005/4/19,10,13,16,22,28,89,1,4,83.8
301,2005/4/26,5,11,16,26,31,89,3,2,83.0
302,2005/5/3,6,7,9,14,20,56,2,3,76.8
303,2005/5/10,13,14,16,19,25,87,3,2,80.8
304,2005/5/17,3,10,11,14,20,58,2,3,75.8
305,2005/5/24,10,11,13,16,24,74,2,3,72.8
306,2005/5/31,17,20,23,24,31,115,3,2,78.0
307,2005/6/7,2,10,15,21,28,76,2,3,82.0
308,2005/6/14,1,13,17,22,27,80,4,1,80.6
309,2005/6/21,8,14,17,22,23,84,2,3,85.8
310,2005/6/28,6,14,17,24,25,86,2,3,88.2
311,2005/7/5,2,17,19,28,29,95,3,2,84.2
312,2005/7/12,7,12,17,18,21,75,3,2,84.0
313,2005/7/19,1,7,26,27,31,92,4,1,86.4
314,2005/7/26,2,7,16,18,20,63,1,4,82.2
315,2005/8/2,7,11,15,28,31,92,4,1,83.4
316,2005/8/9,24,25,28,29,30,136,2,3,91.6
317,2005/8/16,8,10,11,22,23,74,2,3,91.4
318,2005/8/23,9,18,19,30,31,107,3,2,94.4
319,2005/8/30,3,20,21,22,27,93,3,2,100.4
320,2005/9/6,6,7,13,28,30,84,2,3,98.8
321,2005/9/13,2,11,18,21,27,79,3,2,87.4
322,2005/9/20,5,8,10,28,31,82,2,3,89.0
323,2005/9/27,5,15,19,22,27,88,4,1,85.2
324,2005/10/4,5,6,13,29,30,83,3,2,83.2
325,2005/10/11,8,11,13,15,28,75,3,2,81.4
326,2005/10/18,1,3,6,11,25,46,4,1,74.8
327,2005/10/25,8,14,19,25,28,94,2,3,77.2
328,2005/11/1,1,2,11,12,18,44,2,3,68.4
329,2005/11/8,5,14,15,17,29,80,4,1,67.8
330,2005/11/15,3,13,15,19,24,74,4,1,67.6
331,2005/11/22,6,19,21,29,30,105,3,2,79.4
332,2005/11/29,4,9,24,28,29,94,2,3,79.4
333,2005/12/6,19,21,22,26,28,116,2,3,93.8
334,2005/12/13,7,12,22,23,25,89,3,2,95.6
335,2005/12/20,14,16,23,25,31,109,3,2,102.6
336,2005/12/27,10,14,20,27,28,99,1,4,101.4
337,2006/1/10,4,7,21,22,23,77,3,2,98.0
338,2006/1/17,1,3,19,21,27,71,5,0,89.0
339,2006/1/24,4,9,11,15,23,62,4,1,83.6
340,2006/1/31,10,14,18,23,25,90,2,3,79.8
341,2006/2/7,2,5,17,18,26,68,2,3,73.6
342,2006/2/14,2,15,24,25,27,93,3,2,76.8
343,2006/2/21,6,10,15,27,30,88,2,3,80.2
344,2006/2/28,4,9,13,21,23,70,4,1,81.8
345,2006/3/7,7,14,16,17,29,83,3,2,80.4
346,2006/3/14,4,14,18,26,31,93,1,4,85.4
347,2006/3/21,10,11,20,23,27,91,3,2,85.0
348,2006/3/28,8,9,11,12,18,58,2,3,79.0
349,2006/4/4,3,5,6,7,12,33,3,2,71.6
350,2006/4/11,3,9,22,24,28,86,2,3,72.2
351,2006/4/18,3,6,11,12,27,59,3,2,65.4
352,2006/4/25,5,7,14,17,30,73,3,2,61.8
353,2006/5/2,3,13,14,17,25,72,4,1,64.6
354,2006/5/9,3,6,17,19,30,75,3,2,73.0
355,2006/5/16,8,9,24,27,29,97,3,2,75.2
356,2006/5/23,6,11,17,19,22,75,3,2,78.4
357,2006/5/30,15,24,26,28,29,122,2,3,88.2
358,2006/6/6,4,13,18,27,31,93,3,2,92.4
359,2006/6/13,3,11,15,18,19,66,4,1,90.6
360,2006/6/20,6,11,20,27,28,92,2,3,89.6
361,2006/6/27,2,4,6,12,30,54,0,5,85.4
362,2006/7/4,4,17,19,20,31,91,3,2,79.2
363,2006/7/11,4,10,12,17,22,65,1,4,73.6
364,2006/7/18,5,9,13,20,23,70,4,1,74.4
365,2006/7/25,6,10,18,27,28,89,1,4,73.8
366,2006/8/1,2,11,14,19,30,76,2,3,78.2
367,2006/8/8,4,6,14,19,31,74,2,3,74.8
368,2006/8/15,1,8,17,28,29,83,3,2,78.4
369,2006/8/22,4,10,23,29,30,96,2,3,83.6
370,2006/8/29,10,12,16,26,28,92,0,5,84.2
371,2006/9/5,10,12,19,23,31,95,3,2,88.0
372,2006/9/12,1,5,22,25,30,83,3,2,89.8
373,2006/9/19,3,5,11,12,29,60,4,1,85.2
374,2006/9/26,9,17,27,28,29,110,4,1,88.0
375,2006/10/3,1,10,20,23,24,78,2,3,85.2
376,2006/10/10,7,13,21,25,28,94,4,1,85.0
377,2006/10/17,1,12,20,21,30,84,2,3,85.2
378,2006/10/24,6,8,15,21,24,74,2,3,88.0
379,2006/10/31,2,8,15,19,28,72,2,3,80.4
380,2006/11/7,2,11,12,17,31,73,3,2,79.4
381,2006/11/14,3,9,19,22,23,76,4,1,75.8
382,2006/11/21,7,9,11,14,23,64,4,1,71.8
383,2006/11/28,4,7,9,17,31,68,4,1,70.6
384,2006/12/5,4,9,15,25,29,82,4,1,72.6
385,2006/12/12,6,14,20,24,27,91,1,4,76.2
386,2006/12/19,1,3,5,7,23,39,5,0,68.8
387,2006/12/26,16,26,28,29,30,129,1,4,81.8
388,2007/1/9,4,8,19,27,31,89,3,2,86.0
389,2007/1/16,8,11,13,27,30,89,3,2,87.4
390,2007/1/23,11,14,23,29,30,107,3,2,90.6
391,2007/1/30,1,10,15,30,31,87,3,2,100.2
392,2007/2/6,3,13,15,25,30,86,4,1,91.6
393,2007/2/13,15,17,18,22,30,102,2,3,94.2
394,2007/2/20,2,5,21,27,31,86,4,1,93.6
395,2007/2/27,6,21,22,23,31,103,3,2,92.8
396,2007/3/6,1,6,21,25,28,81,3,2,91.6
397,2007/3/13,1,14,17,24,25,81,3,2,90.6
398,2007/3/20,10,17,25,27,31,110,4,1,92.2
399,2007/3/27,7,13,23,27,31,101,5,0,95.2
400,2007/4/3,12,20,22,24,25,103,1,4,95.2
401,2007/4/10,11,13,18,26,30,98,2,3,98.6
402,2007/4/17,10,20,22,24,27,103,1,4,103.0
403,2007/4/24,2,5,16,30,31,84,2,3,97.8
404,2007/5/1,1,8,11,26,28,74,2,3,92.4
405,2007/5/8,8,9,13,27,31,88,4,1,89.4
406,2007/5/15,5,13,19,28,29,94,4,1,88.6
407,2007/5/22,5,15,21,22,31,94,4,1,86.8
408,2007/5/29,7,12,22,26,30,97,1,4,89.4
409,2007/6/5,2,11,19,27,28,87,3,2,92.0
410,2007/6/12,3,10,19,20,31,83,3,2,91.0
411,2007/6/19,5,8,12,19,22,66,2,3,85.4
412,2007/6/26,1,5,6,9,23,44,4,1,75.4
413,2007/7/3,8,14,21,23,29,95,3,2,75.0
414,2007/7/10,5,7,10,20,27,69,3,2,71.4
415,2007/7/17,11,16,24,28,30,109,1,4,76.6
416,2007/7/24,4,6,13,15,22,60,2,3,75.4
417,2007/7/31,3,9,12,23,24,71,3,2,80.8
418,2007/8/7,13,16,22,27,30,108,2,3,83.4
419,2007/8/14,5,12,19,20,27,83,3,2,86.2
420,2007/8/21,2,10,13,23,27,75,3,2,79.4
421,2007/8/28,11,14,24,28,29,106,2,3,88.6
422,2007/9/4,10,12,15,21,27,85,3,2,91.4
423,2007/9/11,8,14,16,24,31,93,1,4,88.4
424,2007/9/18,3,4,8,11,31,57,3,2,83.2
425,2007/9/25,4,10,20,25,28,87,1,4,85.6
426,2007/10/2,3,15,17,21,26,82,4,1,80.8
427,2007/10/9,9,14,19,20,26,88,2,3,81.4
428,2007/10/16,11,20,24,27,29,111,3,2,85.0
429,2007/10/23,11,18,22,26,30,107,1,4,95.0
430,2007/10/30,3,7,16,18,21,65,3,2,90.6
431,2007/11/6,3,12,14,24,25,78,2,3,89.8
432,2007/11/13,3,9,14,22,25,73,3,2,86.8
433,2007/11/20,1,12,17,20,27,77,3,2,80.0
434,2007/11/27,1,6,10,11,22,50,2,3,68.6
435,2007/12/4,8,19,22,25,27,101,3,2,75.8
436,2007/12/11,7,8,18,21,24,78,2,3,75.8
437,2007/12/18,9,13,15,28,31,96,4,1,80.4
438,2007/12/25,1,2,10,13,21,47,3,2,74.4
439,2008/1/8,10,17,19,21,23,90,4,1,82.4
440,2008/1/15,5,12,13,21,30,81,3,2,78.4
441,2008/1/22,6,8,19,28,30,91,1,4,81.0
442,2008/1/29,5,8,19,24,30,86,2,3,79.0
443,2008/2/5,5,17,22,23,30,97,3,2,89.0
444,2008/2/12,1,11,17,30,31,90,4,1,89.0
445,2008/2/19,7,16,18,26,31,98,2,3,92.4
446,2008/2/26,10,11,15,16,17,69,3,2,88.0
447,2008/3/4,14,17,20,25,26,102,2,3,91.2
448,2008/3/11,1,7,12,17,18,55,3,2,82.8
449,2008/3/18,7,8,10,11,20,56,2,3,76.0
450,2008/3/25,2,5,8,13,27,55,3,2,67.4
451,2008/4/1,3,7,12,14,16,52,2,3,64.0
452,2008/4/8,2,12,16,18,30,78,0,5,59.2
453,2008/4/15,4,7,12,17,27,67,3,2,61.6
454,2008/4/22,2,5,13,20,24,64,2,3,63.2
455,2008/4/29,1,10,16,24,26,77,1,4,67.6
456,2008/5/6,6,8,10,16,20,60,0,5,69.2
457,2008/5/13,2,16,17,22,28,85,1,4,70.6
458,2008/5/20,6,8,15,24,31,84,2,3,74.0
459,2008/5/27,12,13,26,27,29,107,3,2,82.6
460,2008/6/3,10,11,25,27,30,103,3,2,87.8
461,2008/6/10,6,12,17,20,26,81,1,4,92.0
462,2008/6/17,4,19,22,25,29,99,3,2,94.8
463,2008/6/24,12,13,16,21,23,85,3,2,95.0
464,2008/7/1,1,12,16,22,28,79,1,4,89.4
465,2008/7/8,13,18,21,25,28,105,3,2,89.8
466,2008/7/15,15,16,19,20,29,99,3,2,93.4
467,2008/7/22,1,2,13,15,23,54,4,1,84.4
468,2008/7/29,7,8,13,24,27,79,3,2,83.2
469,2008/8/5,5,9,12,16,19,61,3,2,79.6
470,2008/8/12,11,15,22,30,31,109,3,2,80.4
471,2008/8/19,13,17,20,23,30,103,3,2,81.2
472,2008/8/26,4,15,17,20,21,77,3,2,85.8
473,2008/9/2,4,5,18,20,26,73,1,4,84.6
474,2008/9/9,5,12,14,18,23,72,2,3,86.8
475,2008/9/16,8,9,12,14,24,67,1,4,78.4
476,2008/9/23,3,10,12,20,24,69,1,4,71.6
477,2008/9/30,1,4,13,20,28,66,2,3,69.4
478,2008/10/7,3,17,18,22,25,85,3,2,71.8
479,2008/10/14,14,22,26,27,29,118,2,3,81.0
480,2008/10/21,5,7,18,25,31,86,4,1,84.8
481,2008/10/28,3,7,13,16,25,64,4,1,83.8
482,2008/11/4,2,16,20,24,29,91,1,4,88.8
483,2008/11/11,7,20,23,27,29,106,4,1,93.0
484,2008/11/18,1,3,4,19,29,56,4,1,80.6
485,2008/11/25,3,8,10,15,31,67,3,2,76.8
486,2008/12/2,5,8,20,22,26,81,1,4,80.2
487,2008/12/9,15,17,20,22,29,103,3,2,82.6
488,2008/12/16,10,15,17,23,29,94,4,1,80.2
489,2008/12/23,2,4,9,22,31,68,2,3,82.6
490,2008/12/30,7,9,13,21,24,74,4,1,84.0
491,2009/1/6,8,10,16,20,23,77,1,4,83.2
492,2009/1/13,3,8,9,11,20,51,3,2,72.8
493,2009/1/20,1,11,12,13,17,54,4,1,64.8
494,2009/1/27,2,10,14,26,28,80,0,5,67.2
495,2009/2/3,7,10,22,26,27,92,2,3,70.8
496,2009/2/10,4,10,11,22,30,77,1,4,70.8
497,2009/2/17,4,21,23,27,28,103,3,2,81.2
498,2009/2/24,2,15,20,23,30,90,2,3,88.4
499,2009/3/3,2,8,14,15,26,65,1,4,85.4
500,2009/3/10,19,20,23,25,28,115,3,2,90.0
501,2009/3/17,12,13,16,17,21,79,3,2,90.4
502,2009/3/24,2,3,5,13,14,37,3,2,77.2
503,2009/3/31,11,18,21,23,27,100,4,1,79.2
504,2009/4/7,8,10,24,28,31,101,1,4,86.4
505,2009/4/14,5,16,19,20,22,82,2,3,79.8
506,2009/4/21,4,14,15,23,24,80,2,3,80.0
507,2009/4/28,10,19,26,27,28,110,2,3,94.6
508,2009/5/5,3,6,9,14,25,57,3,2,86.0
509,2009/5/12,2,13,22,29,30,96,2,3,85.0
510,2009/5/19,18,19,21,23,30,111,3,2,90.8
511,2009/5/26,13,16,26,28,31,114,2,3,97.6
512,2009/6/2,8,14,25,29,30,106,2,3,96.8
513,2009/6/9,3,11,18,19,25,76,4,1,100.6
514,2009/6/16,15,16,21,25,30,107,3,2,102.8
515,2009/6/23,5,21,24,25,26,101,3,2,100.8
516,2009/6/30,3,12,14,15,26,70,2,3,92.0
517,2009/7/7,12,26,28,29,30,125,1,4,95.8
518,2009/7/14,11,16,18,20,27,92,2,3,99.0
519,2009/7/21,2,9,25,29,31,96,4,1,96.8
520,2009/7/28,2,3,11,14,30,60,2,3,88.6
521,2009/8/4,4,9,14,25,26,78,2,3,90.2
522,2009/8/11,4,19,22,23,27,95,3,2,84.2
523,2009/8/18,8,17,18,19,24,86,2,3,83.0
524,2009/8/25,7,10,17,22,24,80,2,3,79.8
525,2009/9/1,1,14,21,25,27,88,4,1,85.4
526,2009/9/8,4,5,16,21,31,77,3,2,85.2
527,2009/9/15,11,13,15,23,25,87,5,0,83.6
528,2009/9/22,2,11,14,15,21,63,3,2,79.0
529,2009/9/29,5,7,14,16,20,62,2,3,75.4
530,2009/10/6,2,3,5,16,19,45,3,2,66.8
531,2009/10/13,13,21,22,26,27,109,3,2,73.2
532,2009/10/20,5,10,21,27,28,91,3,2,74.0
533,2009/10/27,6,13,19,23,31,92,4,1,79.8
534,2009/11/3,7,22,25,26,30,110,2,3,89.4
535,2009/11/10,18,20,23,24,31,116,2,3,103.6
536,2009/11/17,14,18,20,22,24,98,0,5,101.4
537,2009/11/24,9,10,27,29,30,105,3,2,104.2
538,2009/12/1,8,10,13,20,21,72,2,3,100.2
539,2009/12/8,9,18,23,26,29,105,3,2,99.2
540,2009/12/15,2,19,22,27,29,99,3,2,95.8
541,2009/12/22,1,9,10,16,23,59,3,2,88.0
542,2009/12/29,3,9,11,20,27,70,4,1,81.0
543,2010/1/5,4,7,17,22,25,75,3,2,81.6
544,2010/1/12,3,9,18,29,30,89,3,2,78.4
545,2010/1/19,1,15,23,28,29,96,4,1,77.8
546,2010/1/26,3,8,19,22,29,81,3,2,82.2
547,2010/2/2,5,23,25,29,31,113,5,0,90.8
548,2010/2/9,5,6,16,23,29,79,3,2,91.6
549,2010/2/16,10,12,19,24,25,90,2,3,91.8
550,2010/2/23,8,16,22,28,31,105,1,4,93.6
551,2010/3/2,1,2,10,24,31,68,2,3,91.0
552,2010/3/9,7,11,14,17,28,77,3,2,83.8
553,2010/3/16,2,13,23,24,30,92,2,3,86.4
554,2010/3/23,2,6,23,24,28,83,1,4,85.0
555,2010/3/30,1,15,18,24,29,87,3,2,81.4
556,2010/4/6,4,6,16,17,24,67,1,4,81.2
557,2010/4/13,8,18,21,22,28,97,1,4,85.2
558,2010/4/20,4,10,16,22,30,82,0,5,83.2
559,2010/4/27,2,4,7,11,16,40,2,3,74.6
560,2010/5/4,11,13,17,29,30,100,4,1,77.2
561,2010/5/11,1,5,6,16,25,53,3,2,74.4
562,2010/5/18,2,7,12,15,17,53,3,2,65.6
563,2010/5/25,4,5,18,19,30,76,2,3,64.4
564,2010/6/1,9,17,19,22,29,96,4,1,75.6
565,2010/6/8,18,19,20,28,29,114,2,3,78.4
566,2010/6/15,3,8,23,28,30,92,2,3,86.2
567,2010/6/22,10,12,20,24,25,91,1,4,93.8
568,2010/6/29,8,12,16,24,30,90,0,5,96.6
569,2010/7/6,10,17,23,26,28,104,2,3,98.2
570,2010/7/13,1,2,5,6,10,24,2,3,80.2
571,2010/7/20,9,22,27,28,29,115,3,2,84.8
572,2010/7/27,1,6,18,23,29,77,3,2,82.0
573,2010/8/3,15,21,22,23,29,110,4,1,86.0
574,2010/8/10,3,7,8,13,15,46,4,1,74.4
575,2010/8/17,10,16,20,21,27,94,2,3,88.4
576,2010/8/24,6,8,10,21,23,68,2,3,79.0
577,2010/8/31,5,10,21,24,25,85,3,2,80.6
578,2010/9/7,5,11,16,19,30,81,3,2,74.8
579,2010/9/14,1,4,15,17,23,60,4,1,77.6
580,2010/9/21,1,4,14,15,26,60,2,3,70.8
581,2010/9/28,2,6,12,14,30,64,0,5,70.0
582,2010/10/5,3,14,22,24,30,93,1,4,71.6
583,2010/10/12,1,3,10,11,16,41,3,2,63.6
584,2010/10/19,6,9,11,14,22,62,2,3,64.0
585,2010/10/26,14,19,23,24,31,111,3,2,74.2
586,2010/11/2,1,5,6,10,15,37,3,2,68.8
587,2010/11/9,11,17,19,29,30,106,4,1,71.4
588,2010/11/16,4,11,18,26,31,90,2,3,81.2
589,2010/11/23,3,10,13,22,26,74,2,3,83.6
590,2010/11/30,4,7,11,17,19,58,4,1,73.0
591,2010/12/7,4,8,9,13,19,53,3,2,76.2
592,2010/12/14,5,6,23,25,26,85,3,2,72.0
593,2010/12/21,11,14,22,28,29,104,2,3,74.8
594,2010/12/28,2,5,10,22,30,69,1,4,73.8
595,2011/1/4,7,11,15,20,23,76,4,1,77.4
596,2011/1/11,6,9,10,14,27,66,2,3,80.0
597,2011/1/18,2,13,16,17,19,67,3,2,76.4
598,2011/1/25,4,15,21,26,30,96,2,3,74.8
599,2011/2/1,3,7,10,11,29,60,4,1,73.0
600,2011/2/8,1,2,3,4,22,32,2,3,64.2
601,2011/2/15,10,14,15,16,24,79,1,4,66.8
602,2011/2/22,3,14,18,22,25,82,2,3,69.8
603,2011/3/1,4,5,26,28,30,93,1,4,69.2
604,2011/3/8,2,11,13,22,25,73,3,2,71.8
605,2011/3/15,5,6,13,19,28,71,3,2,79.6
606,2011/3/22,9,20,23,30,31,113,3,2,86.4
607,2011/3/29,7,8,12,18,30,75,1,4,85.0
608,2011/4/5,13,19,21,25,29,107,5,0,87.8
609,2011/4/12,3,14,21,26,30,94,2,3,92.0
610,2011/4/19,3,8,14,17,30,72,2,3,92.2
611,2011/4/26,12,18,21,25,30,106,2,3,90.8
612,2011/5/3,11,18,24,27,30,110,2,3,97.8
613,2011/5/10,2,16,17,20,28,83,1,4,93.0
614,2011/5/17,7,16,23,25,30,101,3,2,94.4
615,2011/5/24,4,12,13,19,20,68,2,3,93.6
616,2011/5/31,7,18,21,27,28,101,3,2,92.6
617,2011/6/7,3,9,16,19,28,75,3,2,85.6
618,2011/6/14,10,12,14,22,31,89,1,4,86.8
619,2011/6/21,4,7,14,20,30,75,1,4,81.6
620,2011/6/28,2,14,21,25,31,93,3,2,86.6
621,2011/7/5,6,12,18,24,30,90,0,5,84.4
622,2011/7/12,13,14,20,25,27,99,3,2,89.2
623,2011/7/19,4,9,14,15,26,68,2,3,85.0
624,2011/7/26,5,7,11,12,24,59,3,2,81.8
625,2011/8/2,19,20,23,26,31,119,3,2,87.0
626,2011/8/9,11,12,14,17,26,80,2,3,85.0
627,2011/8/16,6,10,14,15,20,65,1,4,78.2
628,2011/8/23,1,2,10,17,20,50,2,3,74.6
629,2011/8/30,1,3,16,26,29,75,3,2,77.8
630,2011/9/6,3,4,16,19,31,73,3,2,68.6
631,2011/9/13,3,15,18,20,25,81,3,2,68.8
632,2011/9/20,6,14,15,25,26,86,2,3,73.0
633,2011/9/27,2,12,19,20,30,83,1,4,79.6
634,2011/10/4,6,14,24,27,31,102,2,3,85.0
635,2011/10/11,12,13,16,20,29,90,2,3,88.4
636,2011/10/18,8,13,21,26,30,98,2,3,91.8
637,2011/10/25,1,5,10,15,21,52,4,1,85.0
638,2011/11/1,1,16,18,27,30,92,2,3,86.8
639,2011/11/8,6,14,20,29,31,100,2,3,86.4
640,2011/11/15,6,15,18,28,31,98,2,3,88.0
641,2011/11/22,5,11,14,17,22,69,3,2,82.2
642,2011/11/29,9,22,26,27,31,115,3,2,94.8
643,2011/12/6,9,11,17,19,22,78,4,1,92.0
644,2011/12/13,5,13,15,20,27,80,4,1,88.0
645,2011/12/20,8,13,18,19,24,82,2,3,84.8
646,2011/12/27,3,6,16,30,31,86,2,3,88.2
647,2012/1/10,3,6,7,10,21,47,3,2,74.6
648,2012/1/17,6,13,18,19,21,77,3,2,74.4
649,2012/1/24,3,11,18,19,21,72,4,1,72.8
650,2012/1/31,4,11,18,24,26,83,1,4,73.0
651,2012/2/7,8,11,15,20,31,85,3,2,72.8
652,2012/2/14,2,5,19,28,29,83,3,2,80.0
653,2012/2/21,11,16,20,22,30,99,1,4,84.4
654,2012/2/28,6,11,22,25,27,91,3,2,88.2
655,2012/3/6,7,9,12,14,18,60,2,3,83.6
656,2012/3/13,4,10,15,22,23,74,2,3,81.4
657,2012/3/20,9,14,18,23,30,94,2,3,83.6
658,2012/3/27,7,8,11,15,26,67,3,2,77.2
659,2012/4/3,5,9,22,30,31,97,3,2,78.4
660,2012/4/10,7,12,15,30,31,95,3,2,85.4
661,2012/4/17,2,6,9,19,20,56,2,3,81.8
662,2012/4/24,7,9,15,28,31,90,4,1,81.0
663,2012/5/1,1,9,10,21,31,72,4,1,82.0
664,2012/5/8,6,9,11,16,29,71,3,2,76.8
665,2012/5/15,7,12,17,20,28,84,2,3,74.6
666,2012/5/22,10,11,17,24,29,91,3,2,81.6
667,2012/5/29,8,9,19,26,31,93,3,2,82.2
668,2012/6/5,7,9,16,27,29,88,4,1,85.4
669,2012/6/12,4,7,8,25,31,75,3,2,86.2
670,2012/6/19,4,6,26,27,29,92,2,3,87.8
671,2012/6/26,7,14,19,22,27,89,3,2,87.4
672,2012/7/3,3,8,20,22,28,81,1,4,85.0
673,2012/7/10,6,12,21,24,25,88,2,3,85.0
674,2012/7/17,1,2,3,24,25,55,3,2,81.0
675,2012/7/24,6,21,27,28,31,113,3,2,85.2
676,2012/7/31,4,6,18,22,28,78,0,5,83.0
677,2012/8/7,10,16,23,24,30,103,1,4,87.4
678,2012/8/14,15,17,21,24,25,102,4,1,90.2
679,2012/8/21,5,11,23,29,31,99,5,0,99.0
680,2012/8/28,2,3,11,15,24,55,3,2,87.4
681,2012/9/4,6,12,17,19,30,84,2,3,88.6
682,2012/9/11,4,8,20,25,27,84,2,3,84.8
683,2012/9/18,1,7,15,23,26,72,4,1,78.8
684,2012/9/25,10,12,13,19,25,79,3,2,74.8
685,2012/10/2,8,11,19,21,30,89,3,2,81.6
686,2012/10/9,3,5,7,10,18,43,3,2,73.4
687,2012/10/16,2,9,17,24,29,81,3,2,72.8
688,2012/10/23,4,5,9,15,26,59,3,2,70.2
689,2012/10/30,12,13,19,23,25,92,4,1,72.8
690,2012/11/6,11,16,22,23,25,97,3,2,74.4
691,2012/11/13,3,9,10,20,25,67,3,2,79.2
692,2012/11/20,9,13,14,23,31,90,4,1,81.0
693,2012/11/27,5,17,21,24,25,92,4,1,87.6
694,2012/12/4,5,12,15,16,20,68,2,3,82.8
695,2012/12/11,4,19,20,27,28,98,2,3,83.0
696,2012/12/18,5,9,15,19,30,78,4,1,85.2
697,2012/12/25,5,7,17,25,27,81,5,0,83.4
698,2013/1/8,2,3,5,14,24,48,2,3,74.6
699,2013/1/15,6,12,21,24,28,91,1,4,79.2
700,2013/1/22,6,8,9,21,26,70,2,3,73.6
701,2013/1/29,4,8,13,15,26,66,2,3,71.2
702,2013/2/5,10,12,13,20,23,78,2,3,70.6
703,2013/2/12,3,10,16,28,31,88,2,3,78.6
704,2013/2/19,2,11,21,24,25,83,3,2,77.0
705,2013/2/26,8,16,18,21,22,85,1,4,80.0
706,2013/3/5,4,6,15,16,29,70,2,3,80.8
707,2013/3/12,2,11,23,27,29,92,4,1,83.6
708,2013/3/19,10,11,20,28,29,98,2,3,85.6
709,2013/3/26,2,5,16,17,18,58,2,3,80.6
710,2013/4/2,2,15,18,25,26,86,2,3,80.8
711,2013/4/9,3,5,10,17,25,60,4,1,78.8
712,2013/4/16,3,7,18,27,31,86,4,1,77.6
713,2013/4/23,4,13,22,28,31,98,2,3,77.6
714,2013/4/30,6,10,20,22,31,89,1,4,83.8
715,2013/5/7,2,3,5,9,22,41,3,2,74.8
716,2013/5/14,13,18,19,20,24,94,2,3,81.6
717,2013/5/21,3,5,14,23,26,71,3,2,78.6
718,2013/5/28,2,11,16,19,24,72,2,3,73.4
719,2013/6/4,2,9,18,22,27,78,2,3,71.2
720,2013/6/11,5,11,17,19,20,72,4,1,77.4
721,2013/6/18,3,5,12,15,22,57,3,2,70.0
722,2013/6/25,4,6,17,21,30,78,2,3,71.4
723,2013/7/2,4,7,9,25,31,76,4,1,72.2
724,2013/7/9,7,14,17,22,29,89,3,2,74.4
725,2013/7/16,6,11,26,28,30,101,1,4,80.2
726,2013/7/23,1,2,16,18,25,62,2,3,81.2
727,2013/7/30,4,7,14,16,24,65,1,4,78.6
728,2013/8/6,1,9,11,13,28,62,4,1,75.8
729,2013/8/13,13,16,17,20,29,95,3,2,77.0
730,2013/8/20,3,5,7,14,22,51,3,2,67.0
731,2013/8/27,7,9,18,28,30,92,2,3,73.0
732,2013/9/3,4,6,16,29,31,86,2,3,77.2
733,2013/9/10,5,9,11,18,20,63,3,2,77.4
734,2013/9/17,6,8,10,12,13,49,1,4,68.2
735,2013/9/24,3,14,16,23,30,86,2,3,75.2
736,2013/10/1,2,14,17,20,27,80,2,3,72.8
737,2013/10/8,5,12,18,19,23,77,3,2,71.0
738,2013/10/15,7,11,14,23,29,84,4,1,75.2
739,2013/10/22,1,4,19,24,31,79,3,2,81.2
740,2013/10/29,2,4,19,25,28,78,2,3,79.6
741,2013/11/5,6,11,12,15,25,69,3,2,77.4
742,2013/11/12,3,5,16,26,31,81,3,2,78.2
743,2013/11/19,4,15,18,20,30,87,1,4,78.8
744,2013/11/26,2,4,5,14,24,49,1,4,72.8
745,2013/12/3,3,10,13,14,22,62,2,3,69.6
746,2013/12/10,2,10,15,18,20,65,1,4,68.8
747,2013/12/17,1,12,23,29,30,95,3,2,71.6
748,2013/12/24,2,6,7,11,15,41,3,2,62.4
749,2014/1/7,1,11,14,16,30,72,2,3,67.0
750,2014/1/14,2,5,9,13,19,48,4,1,64.2
751,2014/1/21,7,15,18,19,30,89,3,2,69.0
752,2014/1/28,11,23,26,27,31,118,4,1,73.6
753,2014/2/4,2,10,20,23,24,79,1,4,81.2
754,2014/2/11,11,12,24,25,30,102,2,3,87.2
755,2014/2/18,20,21,22,25,27,115,3,2,100.6
756,2014/2/25,5,8,9,27,30,79,3,2,98.6
757,2014/3/4,12,15,21,25,27,100,4,1,95.0
758,2014/3/11,8,14,19,22,24,87,1,4,96.6
759,2014/3/18,8,18,23,24,30,103,1,4,96.8
760,2014/3/25,1,7,14,25,30,77,3,2,89.2
761,2014/4/1,7,14,16,21,31,89,3,2,91.2
762,2014/4/8,2,3,8,10,29,52,2,3,81.6
763,2014/4/15,3,5,12,14,18,52,2,3,74.6
764,2014/4/22,1,2,7,10,11,31,3,2,60.2
765,2014/4/29,16,19,20,22,31,108,2,3,66.4
766,2014/5/6,5,8,12,16,28,69,1,4,62.4
767,2014/5/13,6,8,10,25,31,80,2,3,68.0
768,2014/5/20,2,3,23,24,27,79,3,2,73.4
769,2014/5/27,3,11,15,22,24,75,3,2,82.2
770,2014/6/3,12,18,19,22,30,101,1,4,80.8
771,2014/6/10,7,11,22,26,30,96,2,3,86.2
772,2014/6/17,11,14,15,21,27,88,4,1,87.8
773,2014/6/24,1,2,6,11,26,46,2,3,81.2
774,2014/7/1,5,6,9,20,30,70,2,3,80.2
775,2014/7/8,5,6,14,24,31,80,2,3,76.0
776,2014/7/15,6,14,15,18,31,84,2,3,73.6
777,2014/7/22,4,10,20,22,24,80,0,5,72.0
778,2014/7/29,10,13,14,26,30,93,1,4,81.4
779,2014/8/5,1,8,9,10,13,41,3,2,75.6
780,2014/8/12,13,15,16,18,20,82,2,3,76.0
781,2014/8/19,2,7,10,21,24,64,2,3,72.0
782,2014/8/26,4,7,9,14,21,55,3,2,67.0
783,2014/9/2,4,5,10,15,20,54,2,3,59.2
784,2014/9/9,14,19,21,25,29,108,4,1,72.6
785,2014/9/16,7,21,22,26,28,104,2,3,77.0
786,2014/9/23,5,6,21,28,29,89,3,2,82.0
787,2014/9/30,11,15,22,26,31,105,3,2,92.0
788,2014/10/7,1,21,28,29,30,109,3,2,103.0
789,2014/10/14,4,5,11,16,31,67,3,2,94.8
790,2014/10/21,11,13,15,19,21,79,5,0,89.8
791,2014/10/28,6,16,18,30,31,101,1,4,92.2
792,2014/11/4,12,13,15,18,22,80,2,3,87.2
793,2014/11/11,6,10,18,20,31,85,1,4,82.4
794,2014/11/18,3,4,8,10,31,56,2,3,80.2
795,2014/11/25,2,6,11,14,18,51,1,4,74.6
796,2014/12/2,3,10,19,21,30,83,3,2,71.0
797,2014/12/9,8,9,29,30,31,107,3,2,76.4
798,2014/12/16,3,8,10,23,27,71,3,2,73.6
799,2014/12/23,1,2,17,19,26,65,3,2,75.4
800,2014/12/30,1,19,20,22,25,87,3,2,82.6
801,2015/1/6,5,7,20,22,25,79,3,2,81.8
802,2015/1/13,5,9,21,29,31,95,5,0,79.4
803,2015/1/20,2,4,18,19,27,70,2,3,79.2
804,2015/1/27,7,8,9,12,29,65,3,2,79.2
805,2015/2/3,8,9,11,17,30,75,3,2,76.8
806,2015/2/10,3,11,21,23,28,86,4,1,78.2
807,2015/2/17,5,7,13,17,19,61,5,0,71.4
808,2015/2/24,8,9,26,27,30,100,2,3,77.4
809,2015/3/3,2,8,11,13,25,59,3,2,76.2
810,2015/3/10,6,12,15,16,31,80,2,3,77.2
811,2015/3/17,8,9,10,13,21,61,3,2,72.2
812,2015/3/24,2,16,17,22,25,82,2,3,76.4
813,2015/3/31,3,6,9,14,15,47,3,2,65.8
814,2015/4/7,2,3,12,25,31,73,3,2,68.6
815,2015/4/14,20,21,26,27,28,122,2,3,77.0
816,2015/4/21,1,5,7,14,18,45,3,2,73.8
817,2015/4/28,1,10,23,27,29,90,4,1,75.4
818,2015/5/5,5,9,14,16,18,62,2,3,78.4
819,2015/5/12,2,9,14,15,24,64,2,3,76.6
820,2015/5/19,8,12,20,21,31,92,2,3,70.6
821,2015/5/26,6,8,18,21,23,76,2,3,76.8
822,2015/6/2,7,8,10,17,28,70,2,3,72.8
823,2015/6/9,6,10,14,18,23,71,1,4,74.6
824,2015/6/16,4,16,22,28,29,99,1,4,81.6
825,2015/6/23,3,8,12,21,26,70,2,3,77.2
826,2015/6/30,1,8,21,23,27,80,4,1,78.0
827,2015/7/7,3,4,6,23,31,67,3,2,77.4
828,2015/7/14,2,8,11,15,26,62,2,3,75.6
829,2015/7/21,8,12,19,23,31,93,3,2,74.4
830,2015/7/28,5,6,20,23,29,83,3,2,77.0
831,2015/8/4,7,9,17,19,21,73,5,0,75.6
832,2015/8/11,9,10,15,19,31,84,4,1,79.0
833,2015/8/18,6,9,15,24,28,82,2,3,83.0
834,2015/8/25,5,13,21,25,26,90,4,1,82.4
835,2015/9/1,1,9,11,23,29,73,5,0,80.4
836,2015/9/8,5,15,20,28,29,97,3,2,85.2
837,2015/9/15,4,5,9,24,25,67,3,2,81.8
838,2015/9/22,4,6,11,12,15,48,2,3,75.0
839,2015/9/29,2,6,14,27,30,79,1,4,72.8
840,2015/10/6,1,5,11,15,31,63,5,0,70.8
841,2015/10/13,5,6,7,13,18,49,3,2,61.2
842,2015/10/20,9,18,20,24,25,96,2,3,67.0
843,2015/10/27,2,14,23,28,30,97,1,4,76.8
844,2015/11/3,3,11,14,22,26,76,2,3,76.2
845,2015/11/10,3,10,22,24,30,89,1,4,81.4
846,2015/11/17,1,17,27,30,31,106,4,1,92.8
847,2015/11/24,7,18,19,21,31,96,4,1,92.8
848,2015/12/1,2,3,22,29,31,87,3,2,90.8
849,2015/12/8,4,14,17,19,20,74,2,3,90.4
850,2015/12/15,1,2,13,15,18,49,3,2,82.4
851,2015/12/22,10,19,20,24,31,104,2,3,82.0
852,2015/12/29,2,9,15,18,22,66,2,3,76.0
853,2016/1/5,6,11,17,18,30,82,2,3,75.0
854,2016/1/12,3,16,22,23,31,95,3,2,79.2
855,2016/1/19,2,7,17,22,24,72,2,3,83.8
856,2016/1/26,1,10,15,24,29,79,3,2,78.8
857,2016/2/2,2,4,21,24,28,79,1,4,81.4
858,2016/2/9,6,14,15,25,26,86,2,3,82.2
859,2016/2/16,13,17,19,28,31,108,4,1,84.8
860,2016/2/23,8,9,21,30,31,99,3,2,90.2
861,2016/3/1,4,8,12,17,27,68,2,3,88.0
862,2016/3/8,3,7,9,13,23,55,5,0,83.2
863,2016/3/15,1,2,11,27,28,69,3,2,79.8
864,2016/3/22,14,18,26,28,30,116,0,5,81.4
865,2016/3/29,3,8,16,17,31,75,3,2,76.6
866,2016/4/5,4,16,18,26,28,92,0,5,81.4
867,2016/4/12,13,23,24,28,30,118,2,3,94.0
868,2016/4/19,1,9,14,25,30,79,3,2,96.0
869,2016/4/26,2,14,16,19,30,81,1,4,89.0
870,2016/5/3,3,12,22,23,31,91,3,2,92.2
871,2016/5/10,4,17,24,27,31,103,3,2,94.4
872,2016/5/17,15,16,24,28,30,113,1,4,93.4
873,2016/5/24,4,6,10,23,29,72,2,3,92.0
874,2016/5/31,6,7,8,22,24,67,1,4,89.2
875,2016/6/7,2,3,8,11,28,52,2,3,81.4
876,2016/6/14,18,19,20,21,27,105,3,2,81.8
877,2016/6/21,5,14,20,22,23,84,2,3,76.0
878,2016/6/28,2,3,8,28,29,70,2,3,75.6
879,2016/7/5,2,13,24,27,31,97,3,2,81.6
880,2016/7/12,5,7,11,12,21,56,4,1,82.4
881,2016/7/19,10,11,17,29,30,97,3,2,80.8
882,2016/7/26,2,7,8,18,30,65,1,4,77.0
883,2016/8/2,1,17,18,21,25,82,4,1,79.4
884,2016/8/9,7,10,22,27,31,97,3,2,79.4
885,2016/8/16,9,17,21,24,27,98,4,1,87.8
886,2016/8/23,1,11,20,23,29,84,4,1,85.2
887,2016/8/30,3,4,19,28,29,83,3,2,88.8
888,2016/9/6,6,17,24,29,31,107,3,2,93.8
889,2016/9/13,5,6,12,17,22,62,2,3,86.8
890,2016/9/20,1,7,12,24,31,75,3,2,82.2
891,2016/9/27,10,17,29,30,31,117,3,2,88.8
892,2016/10/4,2,3,12,19,21,57,3,2,83.6
893,2016/10/11,11,14,20,22,25,92,2,3,80.6
894,2016/10/18,11,16,21,23,30,101,3,2,88.4
895,2016/10/25,7,8,9,11,14,49,3,2,83.2
896,2016/11/1,11,13,16,17,26,83,3,2,76.4
897,2016/11/8,16,17,18,23,31,105,3,2,86.0
898,2016/11/15,5,7,20,24,25,81,3,2,83.8
899,2016/11/22,1,7,19,20,31,78,4,1,79.2
900,2016/11/29,1,15,18,22,25,81,3,2,85.6
901,2016/12/6,2,10,13,23,24,72,2,3,83.4
902,2016/12/13,6,8,16,22,28,80,0,5,78.4
903,2016/12/20,2,5,21,24,29,81,3,2,78.4
904,2016/12/27,3,5,8,17,21,54,4,1,73.6
905,2017/1/10,4,17,18,22,27,88,2,3,75.0
906,2017/1/17,2,4,6,7,23,42,2,3,69.0
907,2017/1/24,3,4,10,22,31,70,2,3,67.0
908,2017/1/31,18,19,21,23,31,112,4,1,73.2
909,2017/2/7,3,12,14,20,27,76,2,3,77.6
910,2017/2/14,10,14,20,26,30,100,0,5,80.0
911,2017/2/21,2,3,4,13,16,38,2,3,79.2
912,2017/2/28,9,12,19,21,22,83,3,2,81.8
913,2017/3/7,2,9,17,21,23,72,4,1,73.8
914,2017/3/14,2,7,15,19,24,67,3,2,72.0
915,2017/3/21,14,22,24,26,27,113,1,4,74.6
916,2017/3/28,17,18,23,28,30,116,2,3,90.2
917,2017/4/4,1,9,10,24,27,71,3,2,87.8
918,2017/4/11,16,20,22,27,29,114,2,3,96.2
919,2017/4/18,4,7,9,15,23,58,4,1,94.4
920,2017/4/25,5,15,22,24,25,91,3,2,90.0
921,2017/5/2,6,8,10,14,30,68,0,5,80.4
922,2017/5/9,2,13,14,21,22,72,2,3,80.6
923,2017/5/16,8,20,21,22,27,98,2,3,77.4
924,2017/5/23,2,7,8,14,23,54,2,3,76.6
925,2017/5/30,9,14,19,27,30,99,3,2,78.2
926,2017/6/6,3,9,18,27,29,86,4,1,81.8
927,2017/6/13,1,6,7,17,18,49,3,2,77.2
928,2017/6/20,4,9,11,19,23,66,4,1,70.8
929,2017/6/27,2,4,5,11,20,42,2,3,68.4
930,2017/7/4,9,14,24,25,27,99,3,2,68.4
931,2017/7/11,2,3,18,24,25,72,2,3,65.6
932,2017/7/18,1,3,14,17,19,54,4,1,66.6
933,2017/7/25,3,4,22,26,29,84,2,3,70.2
934,2017/8/1,3,7,8,11,13,42,4,1,70.2
935,2017/8/8,3,11,13,20,31,78,4,1,66.0
936,2017/8/15,7,21,23,25,31,107,5,0,73.0
937,2017/8/22,5,12,13,15,24,69,3,2,76.0
938,2017/8/29,4,9,16,21,22,72,2,3,73.6
939,2017/9/5,8,12,20,23,28,91,1,4,83.4
940,2017/9/12,4,9,25,27,28,93,3,2,86.4
941,2017/9/19,3,11,12,15,28,69,3,2,78.8
942,2017/9/26,2,7,10,22,29,70,2,3,79.0
943,2017/10/3,4,11,18,28,30,91,1,4,82.8
944,2017/10/10,5,11,13,16,27,72,4,1,79.0
945,2017/10/17,14,17,21,25,31,108,4,1,82.0
946,2017/10/24,5,14,24,28,29,100,2,3,88.2
947,2017/10/31,3,7,19,24,27,80,4,1,90.2
948,2017/11/7,3,6,12,13,22,56,2,3,83.2
949,2017/11/14,1,2,5,6,21,35,3,2,75.8
950,2017/11/21,5,8,12,14,28,67,1,4,67.6
951,2017/11/28,3,9,12,26,27,77,3,2,63.0
952,2017/12/5,4,10,15,16,18,63,1,4,59.6
953,2017/12/12,4,5,9,22,29,69,3,2,62.2
954,2017/12/19,11,16,21,23,25,96,4,1,74.4
955,2017/12/26,9,12,17,21,30,89,3,2,78.8
956,2018/1/9,6,15,18,22,29,90,2,3,81.4
957,2018/1/16,2,15,26,29,31,103,3,2,89.4
958,2018/1/23,3,10,15,17,19,64,4,1,88.4
959,2018/1/30,2,3,9,14,19,47,3,2,78.6
960,2018/2/6,2,3,5,16,20,46,2,3,70.0
961,2018/2/13,2,11,18,20,29,80,2,3,68.0
962,2018/2/20,3,10,15,18,25,71,3,2,61.6
963,2018/2/27,4,7,17,21,28,77,3,2,64.2
964,2018/3/6,16,19,27,28,30,120,2,3,78.8
965,2018/3/13,7,13,15,19,28,82,4,1,86.0
966,2018/3/20,1,11,25,26,27,90,4,1,88.0
967,2018/3/27,4,7,11,14,31,67,3,2,87.2
968,2018/4/3,1,5,10,20,24,60,2,3,83.8
969,2018/4/10,1,4,18,24,27,74,2,3,74.6
970,2018/4/17,2,4,19,27,28,80,2,3,74.2
971,2018/4/24,7,17,18,20,24,86,2,3,73.4
972,2018/5/1,13,19,21,22,27,102,4,1,80.4
973,2018/5/8,1,7,12,13,31,64,4,1,81.2
974,2018/5/15,10,18,21,24,27,100,2,3,86.4
975,2018/5/22,10,18,19,28,29,104,2,3,91.2
976,2018/5/29,2,4,15,16,19,56,2,3,85.2
977,2018/6/5,9,17,21,22,23,92,4,1,83.2
978,2018/6/12,1,8,20,26,28,83,1,4,87.0
979,2018/6/19,1,10,23,25,28,87,3,2,84.4
980,2018/6/26,8,24,27,30,31,120,2,3,87.6
981,2018/7/3,10,11,19,28,30,98,2,3,96.0
982,2018/7/10,5,8,20,22,27,82,2,3,94.0
983,2018/7/17,6,10,12,15,23,66,2,3,90.6
984,2018/7/24,2,4,5,16,27,54,2,3,84.0
985,2018/7/31,5,11,16,17,26,75,3,2,75.0
986,2018/8/7,1,21,22,25,27,96,4,1,74.6
987,2018/8/14,6,13,15,17,21,72,4,1,72.6
988,2018/8/21,1,9,11,14,21,56,4,1,70.6
989,2018/8/28,2,7,10,16,30,65,1,4,72.8
990,2018/9/4,3,9,17,23,25,77,5,0,73.2
991,2018/9/11,1,3,9,15,30,58,4,1,65.6
992,2018/9/18,1,14,17,20,31,83,3,2,67.8
993,2018/9/25,1,4,24,29,30,88,2,3,74.2
994,2018/10/2,7,8,19,27,31,92,4,1,79.6
995,2018/10/9,1,5,14,21,30,71,3,2,78.4
996,2018/10/16,9,19,20,22,26,96,2,3,86.0
997,2018/10/23,1,3,8,11,14,37,3,2,76.8
998,2018/10/30,1,7,19,20,25,72,4,1,73.6
999,2018/11/6,6,17,18,20,29,90,2,3,73.2
1000,2018/11/13,3,8,14,18,26,69,1,4,72.8
1001,2018/11/20,5,12,16,22,27,82,2,3,70.0
1002,2018/11/27,2,9,11,20,27,69,3,2,76.4
1003,2018/12/4,11,14,15,22,29,91,3,2,80.2
1004,2018/12/11,1,18,22,27,30,98,2,3,81.8
1005,2018/12/18,5,13,18,26,31,93,3,2,86.6
1006,2018/12/25,10,15,19,23,26,93,3,2,88.8
1007,2019/1/8,2,10,11,25,31,79,3,2,90.8
1008,2019/1/15,3,4,22,26,27,82,2,3,89.0
1009,2019/1/22,2,8,17,23,27,77,3,2,84.8
1010,2019/1/29,10,17,20,21,30,98,2,3,85.8
1011,2019/2/5,9,16,21,30,31,107,3,2,88.6
1012,2019/2/12,1,13,18,26,29,87,3,2,90.2
1013,2019/2/19,1,6,11,19,28,65,3,2,86.8
1014,2019/2/26,4,17,19,20,25,85,3,2,88.4
1015,2019/3/5,3,5,6,20,25,59,3,2,80.6
1016,2019/3/12,5,21,23,25,27,101,5,0,79.4
1017,2019/3/19,9,16,21,23,24,93,3,2,80.6
1018,2019/3/26,13,16,23,27,29,108,4,1,89.2
1019,2019/4/2,5,6,16,23,24,74,2,3,87.0
1020,2019/4/9,3,12,17,24,30,86,2,3,92.4
1021,2019/4/16,13,19,23,25,29,109,5,0,94.0
1022,2019/4/23,5,13,24,27,29,98,4,1,95.0
1023,2019/4/30,2,12,22,23,26,85,1,4,90.4
1024,2019/5/7,4,11,12,23,28,78,2,3,91.2
1025,2019/5/14,3,4,13,19,23,62,4,1,86.4
1026,2019/5/21,3,14,15,22,26,80,2,3,80.6
1027,2019/5/28,5,6,17,21,27,76,4,1,76.2
1028,2019/6/4,2,3,8,16,27,56,2,3,70.4
1029,2019/6/11,3,4,9,11,29,56,4,1,66.0
1030,2019/6/18,21,24,26,27,28,126,2,3,78.8
1031,2019/6/25,5,8,17,21,23,74,4,1,77.6
1032,2019/7/2,1,9,14,21,26,71,3,2,76.6
1033,2019/7/9,2,12,14,24,31,83,1,4,82.0
1034,2019/7/16,12,22,27,28,29,118,2,3,94.4
1035,2019/7/23,3,8,11,16,31,69,3,2,83.0
1036,2019/7/30,7,14,16,23,28,88,2,3,85.8
1037,2019/8/6,7,19,23,24,27,100,4,1,91.6
1038,2019/8/13,2,5,21,23,30,81,3,2,91.2
1039,2019/8/20,4,19,22,24,30,99,1,4,87.4
1040,2019/8/27,7,10,13,25,27,82,4,1,90.0
1041,2019/9/3,3,9,14,15,27,68,4,1,86.0
1042,2019/9/10,11,12,19,23,28,93,3,2,84.6
1043,2019/9/17,7,9,23,24,25,88,4,1,86.0
1044,2019/9/24,12,19,27,28,30,116,2,3,89.4
1045,2019/10/1,3,5,7,10,18,43,3,2,81.6
1046,2019/10/8,16,23,24,28,29,120,2,3,92.0
1047,2019/10/15,8,12,19,25,26,90,2,3,91.4
1048,2019/10/22,1,8,11,19,23,62,4,1,86.2
1049,2019/10/29,2,16,21,26,31,96,2,3,82.2
1050,2019/11/5,2,15,19,23,28,87,3,2,91.0
1051,2019/11/12,7,11,12,21,22,73,3,2,81.6
1052,2019/11/19,4,8,9,14,26,61,1,4,75.8
1053,2019/11/26,2,3,13,16,23,57,3,2,74.8
1054,2019/12/3,2,19,25,26,31,103,3,2,76.2
1055,2019/12/10,1,5,18,19,21,64,4,1,71.6
1056,2019/12/17,3,12,14,21,25,75,3,2,72.0
1057,2019/12/24,9,13,21,23,26,92,4,1,78.2
1058,2020/1/7,2,16,19,24,27,88,2,3,84.4
1059,2020/1/14,2,11,13,16,18,60,2,3,75.8
1060,2020/1/21,19,23,24,28,31,125,3,2,88.0
1061,2020/1/28,5,10,19,23,28,85,3,2,90.0
1062,2020/2/4,14,18,23,29,31,115,3,2,94.6
1063,2020/2/11,10,18,20,26,27,101,1,4,97.2
1064,2020/2/18,1,5,8,28,29,71,3,2,99.4
1065,2020/2/25,8,11,14,16,31,80,2,3,90.4
1066,2020/3/3,15,17,20,22,23,97,3,2,92.8
1067,2020/3/10,2,10,13,15,28,68,2,3,83.4
1068,2020/3/17,2,3,20,24,31,80,2,3,79.2
1069,2020/3/24,1,3,9,14,25,52,4,1,75.4
1070,2020/3/31,7,9,11,27,31,85,5,0,76.4
1071,2020/4/7,2,3,4,27,31,67,3,2,70.4
1072,2020/4/14,3,4,10,12,13,42,2,3,65.2
1073,2020/4/21,2,13,21,24,30,90,2,3,67.2
1074,2020/4/28,15,18,20,22,27,102,2,3,77.2
1075,2020/5/5,4,11,13,16,31,75,3,2,75.2
1076,2020/5/12,5,7,11,22,26,71,3,2,76.0
1077,2020/5/19,3,17,19,25,31,95,5,0,86.6
1078,2020/5/26,3,10,16,17,25,71,3,2,82.8
1079,2020/6/2,2,6,14,16,26,64,0,5,75.2
1080,2020/6/9,4,5,13,19,21,62,4,1,72.6
1081,2020/6/16,2,3,4,24,25,58,2,3,70.0
1082,2020/6/23,1,2,14,19,29,65,3,2,64.0
1083,2020/6/30,1,3,19,26,29,78,4,1,65.4
1084,2020/7/7,11,19,28,29,31,118,4,1,76.2
1085,2020/7/14,9,10,16,17,28,80,2,3,79.8
1086,2020/7/21,2,18,19,28,30,97,1,4,87.6
1087,2020/7/28,1,3,4,9,16,33,3,2,81.2
1088,2020/8/4,2,8,14,17,26,67,1,4,79.0
1089,2020/8/11,3,13,18,19,22,75,3,2,70.4
1090,2020/8/18,4,12,15,22,25,78,2,3,70.0
1091,2020/8/25,1,14,25,29,31,100,4,1,70.6
1092,2020/9/1,9,13,14,19,22,77,3,2,79.4
1093,2020/9/8,2,12,17,23,30,84,2,3,82.8
1094,2020/9/15,3,5,8,14,22,52,2,3,78.2
1095,2020/9/22,4,10,16,21,24,75,1,4,77.6
1096,2020/9/29,1,2,12,20,22,57,1,4,69.0
1097,2020/10/6,5,12,18,19,24,78,2,3,69.2
1098,2020/10/13,3,13,17,28,31,92,4,1,70.8
1099,2020/10/20,1,3,5,14,23,46,4,1,69.6
1100,2020/10/27,13,18,19,25,27,102,4,1,75.0
1101,2020/11/3,1,8,10,12,29,60,2,3,75.6
1102,2020/11/10,8,13,20,26,29,96,2,3,79.2
1103,2020/11/17,1,6,7,21,31,66,4,1,74.0
1104,2020/11/24,7,16,20,23,28,94,2,3,83.6
1105,2020/12/1,4,11,16,21,26,78,2,3,78.8
1106,2020/12/8,2,18,21,25,30,96,2,3,86.0
1107,2020/12/15,7,10,16,18,29,80,2,3,82.8
1108,2020/12/22,6,10,14,17,19,66,2,3,82.8
1109,2020/12/29,7,15,17,26,27,92,4,1,82.4
1110,2021/1/5,2,7,19,23,28,79,3,2,82.6
1111,2021/1/12,2,3,4,13,31,53,3,2,74.0
1112,2021/1/19,5,6,8,13,25,57,3,2,69.4
1113,2021/1/26,19,20,21,26,27,113,3,2,78.8
1114,2021/2/2,7,18,21,25,26,97,3,2,79.8
1115,2021/2/9,2,4,6,11,29,52,2,3,74.4
1116,2021/2/16,7,24,25,27,29,112,4,1,86.2
1117,2021/2/23,4,13,22,27,30,96,2,3,94.0
1118,2021/3/2,8,13,16,27,29,93,3,2,90.0
1119,2021/3/9,9,10,12,17,18,66,2,3,83.8
1120,2021/3/16,2,10,11,17,31,71,3,2,87.6
1121,2021/3/23,13,19,21,24,25,102,4,1,85.6
1122,2021/3/30,8,9,14,25,28,84,2,3,83.2
1123,2021/4/6,7,17,26,28,29,107,3,2,86.0
1124,2021/4/13,3,4,6,8,27,48,2,3,82.4
1125,2021/4/20,2,6,10,14,21,53,1,4,78.8
1126,2021/4/27,6,8,20,30,31,95,1,4,77.4
1127,2021/5/4,8,22,24,27,28,109,1,4,82.4
1128,2021/5/11,4,7,13,24,30,78,2,3,76.6
1129,2021/5/18,5,9,16,29,30,89,3,2,84.8
1130,2021/5/25,5,6,8,25,26,70,2,3,88.2
1131,2021/6/1,6,8,11,24,29,78,2,3,84.8
1132,2021/6/8,3,4,14,15,18,54,2,3,73.8
1133,2021/6/15,14,17,23,28,30,112,2,3,80.6
1134,2021/6/22,6,13,20,23,28,90,2,3,80.8
1135,2021/6/29,7,19,21,23,28,98,4,1,86.4
1136,2021/7/6,11,15,20,22,23,91,3,2,89.0
1137,2021/7/13,7,8,21,25,31,92,4,1,96.6
1138,2021/7/20,14,20,23,28,29,114,2,3,97.0
1139,2021/7/27,12,16,17,24,31,100,2,3,99.0
1140,2021/8/3,7,11,17,19,28,82,4,1,95.8
1141,2021/8/10,9,12,17,18,27,83,3,2,94.2
1142,2021/8/17,11,23,25,29,30,118,4,1,99.4
1143,2021/8/24,3,4,16,19,27,69,3,2,90.4
1144,2021/8/31,4,11,14,21,30,80,2,3,86.4
1145,2021/9/7,11,14,20,28,31,104,2,3,90.8
1146,2021/9/14,4,5,11,29,30,79,3,2,90.0
1147,2021/9/21,6,8,23,27,29,93,3,2,85.0
1148,2021/9/28,1,3,6,15,19,44,4,1,80.0
1149,2021/10/5,5,12,14,15,20,66,2,3,77.2
1150,2021/10/12,1,10,13,27,29,80,4,1,72.4
1151,2021/10/19,14,18,21,30,31,114,2,3,79.4
1152,2021/10/26,2,12,14,23,27,78,2,3,76.4
1153,2021/11/2,17,25,27,29,30,128,4,1,93.2
1154,2021/11/9,9,10,12,21,24,76,2,3,95.2
1155,2021/11/16,1,9,13,16,19,58,4,1,90.8
1156,2021/11/23,1,3,14,27,30,75,3,2,83.0
1157,2021/11/30,2,6,7,13,30,58,2,3,79.0
1158,2021/12/7,1,14,23,25,26,89,3,2,71.2
1159,2021/12/14,11,12,14,18,31,86,2,3,73.2
1160,2021/12/21,7,19,22,24,31,103,3,2,82.2
1161,2021/12/28,3,9,13,17,24,66,4,1,80.4
1162,2022/1/4,2,21,23,24,29,99,3,2,88.6
1163,2022/1/11,2,9,11,22,29,73,3,2,85.4
1164,2022/1/18,4,9,19,26,31,89,3,2,86.0
1165,2022/1/25,5,13,16,27,31,92,4,1,83.8
1166,2022/2/1,6,11,14,17,25,73,3,2,85.2
1167,2022/2/8,2,14,21,27,30,94,2,3,84.2
1168,2022/2/15,5,13,14,24,31,87,3,2,87.0
1169,2022/2/22,1,7,9,21,27,65,5,0,82.2
1170,2022/3/1,2,16,18,20,28,84,0,5,80.6
1171,2022/3/8,1,3,6,16,23,49,3,2,75.8
1172,2022/3/15,11,24,26,28,29,118,2,3,80.6
1173,2022/3/22,3,4,13,16,27,63,3,2,75.8
1174,2022/3/29,5,6,21,29,30,91,3,2,81.0
1175,2022/4/5,1,7,15,16,29,68,4,1,77.8
1176,2022/4/12,1,12,20,27,29,89,3,2,85.8
1177,2022/4/19,3,10,16,21,30,80,2,3,78.2
1178,2022/4/26,1,5,9,13,22,50,4,1,75.6
1179,2022/5/3,18,19,20,25,30,112,2,3,79.8
1180,2022/5/10,13,15,16,26,29,99,3,2,86.0
1181,2022/5/17,2,9,13,16,22,62,2,3,80.6
1182,2022/5/24,7,10,20,22,28,87,1,4,82.0
1183,2022/5/31,3,7,9,14,15,48,4,1,81.6
1184,2022/6/7,5,8,12,19,27,71,3,2,73.4
1185,2022/6/14,1,14,16,17,22,70,2,3,67.6
1186,2022/6/21,9,13,15,24,28,89,3,2,73.0
1187,2022/6/28,3,5,6,11,23,48,4,1,65.2
1188,2022/7/5,2,25,26,29,31,113,3,2,78.2
1189,2022/7/12,6,7,16,17,22,68,2,3,77.6
1190,2022/7/19,3,20,23,24,28,98,2,3,83.2
1191,2022/7/26,11,16,20,25,26,98,2,3,85.0
1192,2022/8/2,4,10,11,22,31,78,2,3,91.0
1193,2022/8/9,1,4,8,11,20,44,2,3,77.2
1194,2022/8/16,3,5,7,18,20,53,3,2,74.2
1195,2022/8/23,3,10,11,13,14,51,3,2,64.8
1196,2022/8/30,1,5,17,19,23,65,5,0,58.2
1197,2022/9/6,7,9,17,26,27,86,4,1,59.8
1198,2022/9/13,10,11,17,30,31,99,3,2,70.8
1199,2022/9/20,6,13,19,23,28,89,3,2,78.0
1200,2022/9/27,2,16,18,22,24,82,0,5,84.2
1201,2022/10/4,1,2,16,23,30,72,2,3,85.6
1202,2022/10/11,4,5,15,27,30,81,3,2,84.6
1203,2022/10/18,4,7,8,12,19,50,2,3,74.8
1204,2022/10/25,5,10,12,18,20,65,1,4,70.0
1205,2022/11/1,11,12,16,24,28,91,1,4,71.8
1206,2022/11/8,7,9,12,14,30,72,2,3,71.8
1207,2022/11/15,2,8,14,25,28,77,1,4,71.0
1208,2022/11/22,5,10,15,16,27,73,3,2,75.6
1209,2022/11/29,12,14,17,27,28,98,2,3,82.2
1210,2022/12/6,14,26,27,30,31,128,2,3,89.6
1211,2022/12/13,4,8,16,25,26,79,1,4,91.0
1212,2022/12/20,14,19,23,30,31,117,3,2,99.0
1213,2022/12/27,17,21,23,25,26,112,4,1,106.8
1214,2023/1/10,5,9,10,19,26,69,3,2,101.0
1215,2023/1/17,1,2,3,5,20,31,3,2,81.6
1216,2023/1/24,10,12,18,25,28,93,1,4,84.4
1217,2023/1/31,8,10,14,20,25,77,1,4,76.4
1218,2023/2/7,1,3,4,7,11,26,4,1,59.2
1219,2023/2/14,9,10,13,21,29,82,4,1,61.8
1220,2023/2/21,2,5,11,12,30,60,2,3,67.6
1221,2023/2/28,4,11,13,21,26,75,3,2,64.0
1222,2023/3/7,4,18,23,26,28,99,1,4,68.4
1223,2023/3/14,1,11,21,26,31,90,4,1,81.2
1224,2023/3/21,1,5,8,11,22,47,3,2,74.2
1225,2023/3/28,1,7,15,29,31,83,5,0,78.8
1226,2023/4/4,2,5,13,18,21,59,3,2,75.6
1227,2023/4/11,1,5,11,20,26,63,3,2,68.4
1228,2023/4/18,1,4,18,19,26,68,2,3,64.0
1229,2023/4/25,1,5,7,12,27,52,4,1,65.0
1230,2023/5/2,4,18,21,22,23,88,2,3,66.0
1231,2023/5/9,1,14,20,21,31,87,3,2,71.6
1232,2023/5/16,4,5,17,27,29,82,4,1,75.4
1233,2023/5/23,3,8,17,19,23,70,4,1,75.8
1234,2023/5/30,4,14,15,27,28,88,2,3,83.0
1235,2023/6/6,8,12,17,22,28,87,1,4,82.8
1236,2023/6/13,1,18,19,30,31,99,3,2,85.2
1237,2023/6/20,2,9,10,25,31,77,3,2,84.2
1238,2023/6/27,13,16,19,21,25,94,4,1,89.0
1239,2023/7/4,7,9,11,18,30,75,3,2,86.4
1240,2023/7/11,13,15,20,27,30,105,3,2,90.0
1241,2023/7/18,1,2,3,7,27,40,4,1,78.2
1242,2023/7/25,5,7,18,19,27,76,4,1,78.0
1243,2023/8/1,2,4,13,15,20,54,2,3,70.0
1244,2023/8/8,2,6,9,11,19,47,3,2,64.4
1245,2023/8/15,10,11,16,29,30,96,2,3,62.6
1246,2023/8/22,16,17,20,21,28,102,2,3,75.0
1247,2023/8/29,9,15,23,26,30,103,3,2,80.4
1248,2023/9/5,2,4,5,14,25,50,2,3,79.6
1249,2023/9/12,7,9,11,14,21,62,4,1,82.6
1250,2023/9/19,2,12,13,19,23,69,3,2,77.2
1251,2023/9/26,3,4,5,30,31,73,3,2,71.4
1252,2023/10/3,1,4,11,25,30,71,3,2,65.0
1253,2023/10/10,1,11,17,19,25,73,5,0,69.6
1254,2023/10/17,1,5,12,17,28,63,3,2,69.8
1255,2023/10/24,2,3,4,17,23,49,3,2,65.8
1256,2023/10/31,7,8,14,19,21,69,3,2,65.0
1257,2023/11/7,8,13,19,22,24,86,2,3,68.0
1258,2023/11/14,3,6,12,19,30,70,2,3,67.4
1259,2023/11/21,1,13,17,18,22,71,3,2,69.0
1260,2023/11/28,2,4,14,21,29,70,2,3,73.2
1261,2023/12/5,19,21,25,29,31,125,5,0,84.4
1262,2023/12/12,11,16,18,19,29,93,3,2,85.8
1263,2023/12/19,1,2,15,25,28,71,3,2,86.0
1264,2023/12/26,2,7,10,22,27,68,2,3,85.4
1265,2024/1/9,8,9,11,15,31,74,4,1,86.2
1266,2024/1/16,1,16,22,23,31,93,3,2,79.8
1267,2024/1/23,13,15,18,20,29,95,3,2,80.2
1268,2024/1/30,9,11,14,22,29,85,3,2,83.0
1269,2024/2/6,5,10,16,20,21,72,2,3,83.8
1270,2024/2/13,2,7,16,19,26,70,2,3,83.0
1271,2024/2/20,16,17,19,22,23,97,3,2,83.8
1272,2024/2/27,3,7,14,21,30,75,3,2,79.8
1273,2024/3/5,7,18,20,22,23,90,2,3,80.8
1274,2024/3/12,1,7,8,10,14,40,2,3,74.4
1275,2024/3/19,6,11,12,13,14,56,2,3,71.6
1276,2024/3/26,4,9,13,16,31,73,3,2,66.8
1277,2024/4/2,2,13,18,22,28,83,1,4,68.4
1278,2024/4/9,3,10,19,21,31,84,4,1,67.2
1279,2024/4/16,1,14,18,22,28,83,1,4,75.8
1280,2024/4/23,7,9,14,17,20,67,3,2,78.0
1281,2024/4/30,4,10,15,18,24,71,1,4,77.6
1282,2024/5/7,2,22,23,30,31,108,2,3,82.6
1283,2024/5/14,1,11,25,29,31,97,5,0,85.2
1284,2024/5/21,4,11,23,28,31,97,3,2,88.0
1285,2024/5/28,4,5,18,23,25,75,3,2,89.6
1286,2024/6/4,9,10,12,13,30,74,2,3,90.2
1287,2024/6/11,10,12,23,26,30,101,1,4,88.8
1288,2024/6/18,4,12,14,16,22,68,0,5,83.0
1289,2024/6/25,17,18,21,27,30,113,3,2,86.2
1290,2024/7/2,21,26,27,29,31,134,4,1,98.0
1291,2024/7/9,1,2,8,11,29,51,3,2,93.4
1292,2024/7/16,6,11,21,23,25,86,4,1,90.4
1293,2024/7/23,6,8,10,20,28,72,0,5,91.2
1294,2024/7/30,8,21,22,27,29,107,3,2,90.0
1295,2024/8/6,4,11,12,21,26,74,2,3,78.0
1296,2024/8/13,9,13,18,19,21,80,4,1,83.8
1297,2024/8/20,1,12,17,21,28,79,3,2,82.4
1298,2024/8/27,2,4,12,13,17,48,2,3,77.6
1299,2024/9/3,3,4,9,11,18,45,3,2,65.2
1300,2024/9/10,1,4,16,27,31,79,3,2,66.2
1301,2024/9/17,13,15,25,26,27,106,4,1,71.4
1302,2024/9/24,6,11,12,17,24,70,2,3,69.6
1303,2024/10/1,7,14,17,30,31,99,3,2,79.8
1304,2024/10/8,3,4,6,20,31,64,2,3,83.6
1305,2024/10/15,7,12,14,29,30,92,2,3,86.2
1306,2024/10/22,5,7,27,28,29,96,4,1,84.2
1307,2024/10/29,11,13,16,18,20,78,2,3,85.8
1308,2024/11/5,3,8,12,16,22,61,1,4,78.2
1309,2024/11/12,6,12,25,27,29,99,3,2,85.2
1310,2024/11/19,13,14,19,24,28,98,2,3,86.4
1311,2024/11/26,3,11,27,28,31,100,4,1,87.2
1312,2024/12/3,10,12,13,21,31,87,3,2,89.0
1313,2024/12/10,2,5,9,22,31,69,3,2,90.6
1314,2024/12/17,18,20,21,23,30,112,2,3,93.2
1315,2024/12/24,6,15,22,29,30,102,2,3,94.0
1316,2025/1/7,4,7,10,11,17,49,3,2,83.8
1317,2025/1/14,7,22,26,30,31,116,2,3,89.6
1318,2025/1/21,5,7,15,24,29,80,4,1,91.8
1319,2025/1/28,4,6,16,26,29,81,1,4,85.6
1320,2025/2/4,2,3,7,25,28,65,3,2,78.2
1321,2025/2/11,1,5,6,24,25,61,3,2,80.6
1322,2025/2/18,5,16,18,22,28,89,1,4,75.2
1323,2025/2/25,4,9,18,24,25,80,2,3,75.2
1324,2025/3/4,5,6,14,20,27,72,2,3,73.4
1325,2025/3/11,10,15,22,23,25,95,3,2,79.4
1326,2025/3/18,4,9,15,19,26,73,3,2,81.8
1327,2025/3/25,4,9,26,27,29,95,3,2,83.0
1328,2025/4/1,1,12,15,27,31,86,4,1,84.2
1329,2025/4/8,5,6,8,21,30,70,2,3,83.8
1330,2025/4/15,1,13,24,25,31,94,4,1,83.6
1331,2025/4/22,9,11,13,27,28,88,4,1,86.6
1332,2025/4/29,12,16,17,20,25,90,2,3,85.6
1333,2025/5/6,7,11,18,25,26,87,3,2,85.8
1334,2025/5/13,3,8,21,27,29,88,4,1,89.4
1335,2025/5/20,12,17,18,22,31,100,2,3,90.6
1336,2025/5/27,3,20,21,24,25,93,3,2,91.6
1337,2025/6/3,3,11,17,20,22,73,3,2,88.2
1338,2025/6/10,13,18,21,28,31,111,3,2,93.0
1339,2025/6/17,6,14,21,23,31,95,3,2,94.4
1340,2025/6/24,8,19,22,24,27,100,2,3,94.4
1341,2025/7/1,5,12,16,24,28,85,1,4,92.8
1342,2025/7/8,1,9,13,19,23,65,5,0,91.2
1343,2025/7/15,4,13,22,29,30,98,2,3,88.6
1344,2025/7/22,2,5,21,24,28,80,2,3,85.6
1345,2025/7/29,3,11,14,30,31,89,3,2,83.4
1346,2025/8/5,5,16,20,23,30,94,2,3,85.2
1347,2025/8/12,4,16,18,27,31,96,2,3,91.4
1348,2025/8/19,4,16,20,26,28,94,0,5,90.6
1349,2025/8/26,2,3,15,28,29,77,3,2,90.0
1350,2025/9/2,2,3,11,22,28,66,2,3,85.4
1351,2025/9/9,4,9,10,19,29,71,3,2,80.8
1352,2025/9/16,5,8,10,11,29,63,3,2,74.2
1353,2025/9/23,6,11,13,14,18,62,2,3,67.8
1354,2025/9/30,11,13,15,16,26,81,3,2,68.6
1355,2025/10/7,3,6,10,23,27,69,3,2,69.2
1356,2025/10/14,6,7,20,22,24,79,1,4,70.8
1357,2025/10/21,7,9,21,25,28,90,4,1,76.2
1358,2025/10/28,1,6,22,27,29,85,3,2,80.8
1359,2025/11/4,1,3,15,16,20,55,3,2,75.6
1360,2025/11/11,4,18,20,24,29,95,1,4,80.8
1361,2025/11/18,20,25,26,27,30,128,2,3,90.6
1362,2025/11/25,6,12,13,17,26,74,2,3,87.4
1363,2025/12/2,6,12,16,19,31,84,2,3,87.2
1364,2025/12/9,1,3,10,27,31,72,4,1,90.6
1365,2025/12/16,3,10,20,25,27,85,3,2,88.6
1366,2025/12/23,3,19,20,21,28,91,3,2,81.2
1367,2025/12/30,17,21,27,28,29,122,4,1,90.8
1368,2026/1/6,7,8,20,25,26,86,2,3,91.2
1369,2026/1/13,1,2,3,5,11,22,4,1,81.2
1370,2026/1/20,1,5,12,24,31,73,3,2,78.8
1371,2026/1/27,3,10,12,20,31,76,2,3,75.8
1372,2026/2/3,4,14,21,24,31,94,2,3,70.2
1373,2026/2/10,7,8,21,28,29,93,3,2,71.6
1374,2026/2/17,10,16,21,29,30,106,2,3,88.4
1375,2026/2/24,1,3,11,16,20,51,3,2,84.0
1376,2026/3/3,1,9,11,22,29,72,4,1,83.2
