draw_id,date,num1,num2,num3,num4,num5
1,1999/4/13,1,3,17,20,25
2,1999/4/27,2,11,12,21,30
3,1999/5/11,1,8,10,24,30
4,1999/5/25,11,12,14,20,31
5,1999/6/8,8,9,15,21,25
6,1999/6/22,2,11,16,24,29
7,1999/7/6,3,24,25,26,31
8,1999/7/20,22,24,25,28,30
9,1999/8/3,2,11,12,13,28
10,1999/8/17,8,19,21,23,30
11,1999/8/31,17,18,19,20,30
12,1999/9/14,5,9,13,16,19
13,1999/9/28,6,11,18,25,28
14,1999/10/5,2,21,24,26,29
15,1999/10/12,6,8,17,23,24
16,1999/10/19,2,20,24,26,27
17,1999/10/26,10,18,20,25,27
18,1999/11/2,1,14,16,23,25
19,1999/11/9,2,9,10,22,27
20,1999/11/16,14,20,22,25,30
21,1999/11/23,3,15,22,25,31
22,1999/11/30,4,6,26,28,30
23,1999/12/7,2,13,18,22,26
24,1999/12/14,12,14,19,26,28
25,1999/12/21,2,3,7,18,29
26,1999/12/28,7,8,9,14,15
27,2000/1/4,10,16,20,21,31
28,2000/1/11,2,9,15,22,29
29,2000/1/18,9,12,17,26,31
30,2000/1/25,10,15,17,18,30
31,2000/2/1,14,20,21,24,28
32,2000/2/8,2,11,13,16,24
33,2000/2/15,2,3,8,9,30
34,2000/2/22,4,9,18,28,29
35,2000/2/29,10,11,18,24,26
36,2000/3/7,4,8,15,16,21
37,2000/3/14,6,7,10,16,31
38,2000/3/21,11,16,17,19,31
39,2000/3/28,1,9,15,26,30
40,2000/4/4,4,16,24,25,27
41,2000/4/11,10,16,19,22,26
42,2000/4/18,2,5,19,24,31
43,2000/4/25,3,6,11,16,30
44,2000/5/2,5,18,20,25,27
45,2000/5/9,7,13,19,24,26
46,2000/5/16,2,10,22,23,26
47,2000/5/23,2,6,8,17,29
48,2000/5/30,2,9,11,13,31
49,2000/6/6,10,13,14,23,25
50,2000/6/13,4,5,6,8,10
51,2000/6/20,5,7,15,16,31
52,2000/6/27,4,10,12,26,31
53,2000/7/4,4,13,14,15,17
54,2000/7/11,4,5,15,18,21
55,2000/7/18,4,10,11,18,31
56,2000/7/25,1,3,7,10,27
57,2000/8/1,3,21,23,27,29
58,2000/8/8,1,2,4,10,24
59,2000/8/15,9,15,20,21,22
60,2000/8/22,16,17,22,23,26
61,2000/8/29,9,23,24,29,30
62,2000/9/5,5,10,13,17,29
63,2000/9/12,3,5,6,22,28
64,2000/9/19,5,10,11,12,23
65,2000/9/26,8,9,10,17,23
66,2000/10/3,5,6,12,17,20
67,2000/10/10,4,5,8,14,27
68,2000/10/17,5,6,21,22,24
69,2000/10/24,5,6,9,23,30
70,2000/10/31,1,5,7,17,21
71,2000/11/7,11,17,18,22,30
72,2000/11/14,8,10,24,28,30
73,2000/11/21,4,6,8,26,30
74,2000/11/28,4,6,16,22,28
75,2000/12/5,7,14,16,17,29
76,2000/12/12,6,11,13,16,23
77,2000/12/19,2,3,10,22,26
78,2000/12/26,4,11,19,20,22
79,2001/1/9,2,13,16,26,30
80,2001/1/16,7,10,13,18,22
81,2001/1/23,1,7,10,16,25
82,2001/1/30,1,3,11,27,30
83,2001/2/6,1,6,11,23,26
84,2001/2/13,1,15,29,30,31
85,2001/2/20,9,11,14,20,29
86,2001/2/27,2,8,13,20,24
87,2001/3/6,1,5,12,23,27
88,2001/3/13,4,19,26,27,30
89,2001/3/20,5,7,24,27,29
90,2001/3/27,6,12,14,21,27
91,2001/4/3,8,9,15,18,22
92,2001/4/10,2,3,11,22,30
93,2001/4/17,11,15,22,26,27
94,2001/4/24,16,19,20,26,29
95,2001/5/1,4,5,7,8,31
96,2001/5/8,1,5,6,14,27
97,2001/5/15,6,12,15,19,22
98,2001/5/22,1,2,9,11,20
99,2001/5/29,3,7,10,13,15
100,2001/6/5,11,12,19,20,31
101,2001/6/12,2,10,11,13,26
102,2001/6/19,5,10,11,25,28
103,2001/6/26,10,13,19,21,30
104,2001/7/3,3,4,7,21,30
105,2001/7/10,6,11,14,21,27
106,2001/7/17,3,5,11,12,18
107,2001/7/24,4,8,12,26,27
108,2001/7/31,6,10,20,27,29
109,2001/8/7,3,5,15,19,22
110,2001/8/14,3,7,13,22,27
111,2001/8/21,10,19,24,27,31
112,2001/8/28,5,7,15,26,27
113,2001/9/4,1,2,6,16,28
114,2001/9/11,3,5,6,7,11
115,2001/9/18,10,15,29,30,31
116,2001/9/25,2,7,13,18,23
117,2001/10/2,5,11,12,23,24
118,2001/10/9,2,4,12,20,23
119,2001/10/16,12,14,25,29,30
120,2001/10/23,8,12,14,18,27
121,2001/10/30,5,17,18,24,30
122,2001/11/6,1,8,23,27,28
123,2001/11/13,1,5,6,13,15
124,2001/11/20,5,7,17,19,27
125,2001/11/27,2,21,22,27,29
126,2001/12/4,7,16,18,22,25
127,2001/12/11,8,9,18,29,31
128,2001/12/18,3,6,22,24,27
129,2001/12/25,2,13,20,25,30
130,2002/1/8,3,4,11,17,26
131,2002/1/15,1,9,12,18,21
132,2002/1/22,7,13,17,19,24
133,2002/1/29,4,7,11,18,31
134,2002/2/5,4,5,13,16,18
135,2002/2/12,4,7,8,9,24
136,2002/2/19,5,11,14,18,28
137,2002/2/26,3,15,20,25,28
138,2002/3/5,1,4,21,30,31
139,2002/3/12,14,17,20,26,28
140,2002/3/19,8,9,17,20,29
141,2002/3/26,4,6,9,20,24
142,2002/4/2,10,11,24,25,30
143,2002/4/9,17,18,20,23,26
144,2002/4/16,4,13,14,19,28
145,2002/4/23,13,14,19,24,28
146,2002/4/30,1,6,11,12,18
147,2002/5/7,5,10,21,27,28
148,2002/5/14,2,7,19,26,31
149,2002/5/21,5,6,17,27,28
150,2002/5/28,2,11,16,24,26
151,2002/6/4,4,10,13,14,19
152,2002/6/11,1,2,11,22,30
153,2002/6/18,2,3,8,23,29
154,2002/6/25,2,10,16,19,22
155,2002/7/2,9,10,16,21,23
156,2002/7/9,2,3,13,19,31
157,2002/7/16,1,5,14,18,20
158,2002/7/23,3,14,16,20,31
159,2002/7/30,7,11,16,23,24
160,2002/8/6,4,23,24,30,31
161,2002/8/13,2,3,4,17,19
162,2002/8/20,6,14,17,23,31
163,2002/8/27,1,12,13,16,28
164,2002/9/3,7,9,16,26,30
165,2002/9/10,9,16,24,25,26
166,2002/9/17,8,13,21,24,28
167,2002/9/24,11,19,20,25,26
168,2002/10/1,2,8,11,16,30
169,2002/10/8,8,15,18,25,31
170,2002/10/15,2,7,14,20,22
171,2002/10/22,2,6,9,12,31
172,2002/10/29,1,4,14,21,28
173,2002/11/5,11,18,20,22,29
174,2002/11/12,1,3,8,21,22
175,2002/11/19,8,12,17,19,24
176,2002/11/26,12,14,24,26,30
177,2002/12/3,7,13,17,21,30
178,2002/12/10,3,24,26,28,31
179,2002/12/17,1,7,26,30,31
180,2002/12/24,17,18,19,21,28
181,2003/1/7,1,3,14,16,26
182,2003/1/14,2,10,14,23,24
183,2003/1/21,3,9,13,25,26
184,2003/1/28,2,10,23,30,31
185,2003/2/4,7,19,20,25,28
186,2003/2/11,8,12,20,21,25
187,2003/2/18,4,6,17,24,25
188,2003/2/25,7,16,24,25,28
189,2003/3/4,9,16,22,25,26
190,2003/3/11,4,5,21,27,29
191,2003/3/18,1,6,8,12,13
192,2003/3/25,6,7,10,11,17
193,2003/4/1,6,8,18,20,22
194,2003/4/8,3,6,15,17,23
195,2003/4/15,1,2,6,15,23
196,2003/4/22,2,4,14,21,22
197,2003/4/29,8,18,20,21,31
198,2003/5/6,13,20,21,25,28
199,2003/5/13,1,9,21,26,29
200,2003/5/20,1,4,12,13,18
201,2003/5/27,3,5,23,25,26
202,2003/6/3,6,10,11,18,31
203,2003/6/10,4,10,18,22,25
204,2003/6/17,7,18,22,24,29
205,2003/6/24,3,4,13,14,23
206,2003/7/1,6,8,12,27,31
207,2003/7/8,3,4,10,16,25
208,2003/7/15,6,10,13,16,17
209,2003/7/22,7,17,23,27,29
210,2003/7/29,9,10,18,19,29
211,2003/8/5,9,10,13,18,22
212,2003/8/12,1,5,10,14,30
213,2003/8/19,1,2,3,9,29
214,2003/8/26,2,8,16,18,28
215,2003/9/2,4,15,20,21,28
216,2003/9/9,3,7,13,16,17
217,2003/9/16,2,8,17,19,23
218,2003/9/23,9,16,24,25,29
219,2003/9/30,1,15,17,21,28
220,2003/10/7,9,10,11,21,29
221,2003/10/14,4,8,14,22,26
222,2003/10/21,10,18,21,26,28
223,2003/10/28,4,10,16,19,22
224,2003/11/4,12,16,27,30,31
225,2003/11/11,13,14,18,24,26
226,2003/11/18,4,12,14,26,30
227,2003/11/25,2,4,7,21,30
228,2003/12/2,10,17,21,24,27
229,2003/12/9,12,19,23,24,30
230,2003/12/16,4,16,17,25,26
231,2003/12/23,3,4,10,11,24
232,2003/12/30,3,12,20,24,26
233,2004/1/6,8,14,19,21,29
234,2004/1/13,16,18,22,23,26
235,2004/1/20,5,6,16,17,31
236,2004/1/27,14,17,23,24,29
237,2004/2/3,6,8,17,18,28
238,2004/2/10,13,15,17,22,25
239,2004/2/17,16,18,21,23,27
240,2004/2/24,2,6,14,28,29
241,2004/3/2,1,2,4,13,26
242,2004/3/9,5,12,23,27,31
243,2004/3/16,4,11,15,27,28
244,2004/3/23,6,11,21,22,25
245,2004/3/30,1,10,14,21,28
246,2004/4/6,1,12,15,20,23
247,2004/4/13,7,11,19,27,31
248,2004/4/20,4,13,16,24,29
249,2004/4/27,9,11,12,18,20
250,2004/5/4,1,3,11,12,31
251,2004/5/11,1,3,19,20,23
252,2004/5/18,12,18,24,27,31
253,2004/5/25,1,3,10,21,25
254,2004/6/1,3,7,22,25,29
255,2004/6/8,12,17,20,27,29
256,2004/6/15,5,9,15,16,27
257,2004/6/22,2,9,12,20,31
258,2004/6/29,4,6,9,19,22
259,2004/7/6,5,7,11,12,23
260,2004/7/13,6,7,17,19,23
261,2004/7/20,2,3,5,14,29
262,2004/7/27,5,19,23,27,28
263,2004/8/3,15,25,28,30,31
264,2004/8/10,2,4,7,25,30
265,2004/8/17,1,3,24,26,28
266,2004/8/24,3,8,25,28,31
267,2004/8/31,8,14,15,19,25
268,2004/9/7,17,18,20,27,31
269,2004/9/14,3,7,20,23,29
270,2004/9/21,9,10,11,14,19
271,2004/9/28,6,13,15,24,31
272,2004/10/5,4,16,21,28,29
273,2004/10/12,3,5,7,11,17
274,2004/10/19,7,8,9,16,25
275,2004/10/26,11,16,17,21,22
276,2004/11/2,12,16,19,20,23
277,2004/11/9,4,14,16,19,22
278,2004/11/16,8,12,13,14,24
279,2004/11/23,2,7,19,23,25
280,2004/11/30,4,9,13,15,19
281,2004/12/7,5,7,11,13,21
282,2004/12/14,1,2,18,27,29
283,2004/12/21,11,15,19,20,29
284,2004/12/28,1,5,8,11,18
285,2005/1/4,8,17,19,24,26
286,2005/1/11,14,15,20,22,30
287,2005/1/18,2,7,14,19,21
288,2005/1/25,6,16,21,29,31
289,2005/2/1,5,6,11,24,28
290,2005/2/8,3,8,11,23,30
291,2005/2/15,4,8,21,23,26
292,2005/2/22,2,7,13,25,31
293,2005/3/1,14,15,16,24,25
294,2005/3/8,14,23,26,29,31
295,2005/3/15,8,14,16,17,26
296,2005/3/22,8,14,18,24,29
297,2005/3/29,5,9,18,25,30
298,2005/4/5,8,10,12,15,22
299,2005/4/12,2,9,15,26,31
300,2005/4/19,10,13,16,22,28
301,2005/4/26,5,11,16,26,31
302,2005/5/3,6,7,9,14,20
303,2005/5/10,13,14,16,19,25
304,2005/5/17,3,10,11,14,20
305,2005/5/24,10,11,13,16,24
306,2005/5/31,17,20,23,24,31
307,2005/6/7,2,10,15,21,28
308,2005/6/14,1,13,17,22,27
309,2005/6/21,8,14,17,22,23
310,2005/6/28,6,14,17,24,25
311,2005/7/5,2,17,19,28,29
312,2005/7/12,7,12,17,18,21
313,2005/7/19,1,7,26,27,31
314,2005/7/26,2,7,16,18,20
315,2005/8/2,7,11,15,28,31
316,2005/8/9,24,25,28,29,30
317,2005/8/16,8,10,11,22,23
318,2005/8/23,9,18,19,30,31
319,2005/8/30,3,20,21,22,27
320,2005/9/6,6,7,13,28,30
321,2005/9/13,2,11,18,21,27
322,2005/9/20,5,8,10,28,31
323,2005/9/27,5,15,19,22,27
324,2005/10/4,5,6,13,29,30
325,2005/10/11,8,11,13,15,28
326,2005/10/18,1,3,6,11,25
327,2005/10/25,8,14,19,25,28
328,2005/11/1,1,2,11,12,18
329,2005/11/8,5,14,15,17,29
330,2005/11/15,3,13,15,19,24
331,2005/11/22,6,19,21,29,30
332,2005/11/29,4,9,24,28,29
333,2005/12/6,19,21,22,26,28
334,2005/12/13,7,12,22,23,25
335,2005/12/20,14,16,23,25,31
336,2005/12/27,10,14,20,27,28
337,2006/1/10,4,7,21,22,23
338,2006/1/17,1,3,19,21,27
339,2006/1/24,4,9,11,15,23
340,2006/1/31,10,14,18,23,25
341,2006/2/7,2,5,17,18,26
342,2006/2/14,2,15,24,25,27
343,2006/2/21,6,10,15,27,30
344,2006/2/28,4,9,13,21,23
345,2006/3/7,7,14,16,17,29
346,2006/3/14,4,14,18,26,31
347,2006/3/21,10,11,20,23,27
348,2006/3/28,8,9,11,12,18
349,2006/4/4,3,5,6,7,12
350,2006/4/11,3,9,22,24,28
351,2006/4/18,3,6,11,12,27
352,2006/4/25,5,7,14,17,30
353,2006/5/2,3,13,14,17,25
354,2006/5/9,3,6,17,19,30
355,2006/5/16,8,9,24,27,29
356,2006/5/23,6,11,17,19,22
357,2006/5/30,15,24,26,28,29
358,2006/6/6,4,13,18,27,31
359,2006/6/13,3,11,15,18,19
360,2006/6/20,6,11,20,27,28
361,2006/6/27,2,4,6,12,30
362,2006/7/4,4,17,19,20,31
363,2006/7/11,4,10,12,17,22
364,2006/7/18,5,9,13,20,23
365,2006/7/25,6,10,18,27,28
366,2006/8/1,2,11,14,19,30
367,2006/8/8,4,6,14,19,31
368,2006/8/15,1,8,17,28,29
369,2006/8/22,4,10,23,29,30
370,2006/8/29,10,12,16,26,28
371,2006/9/5,10,12,19,23,31
372,2006/9/12,1,5,22,25,30
373,2006/9/19,3,5,11,12,29
374,2006/9/26,9,17,27,28,29
375,2006/10/3,1,10,20,23,24
376,2006/10/10,7,13,21,25,28
377,2006/10/17,1,12,20,21,30
378,2006/10/24,6,8,15,21,24
379,2006/10/31,2,8,15,19,28
380,2006/11/7,2,11,12,17,31
381,2006/11/14,3,9,19,22,23
382,2006/11/21,7,9,11,14,23
383,2006/11/28,4,7,9,17,31
384,2006/12/5,4,9,15,25,29
385,2006/12/12,6,14,20,24,27
386,2006/12/19,1,3,5,7,23
387,2006/12/26,16,26,28,29,30
388,2007/1/9,4,8,19,27,31
389,2007/1/16,8,11,13,27,30
390,2007/1/23,11,14,23,29,30
391,2007/1/30,1,10,15,30,31
392,2007/2/6,3,13,15,25,30
393,2007/2/13,15,17,18,22,30
394,2007/2/20,2,5,21,27,31
395,2007/2/27,6,21,22,23,31
396,2007/3/6,1,6,21,25,28
397,2007/3/13,1,14,17,24,25
398,2007/3/20,10,17,25,27,31
399,2007/3/27,7,13,23,27,31
400,2007/4/3,12,20,22,24,25
401,2007/4/10,11,13,18,26,30
402,2007/4/17,10,20,22,24,27
403,2007/4/24,2,5,16,30,31
404,2007/5/1,1,8,11,26,28
405,2007/5/8,8,9,13,27,31
406,2007/5/15,5,13,19,28,29
407,2007/5/22,5,15,21,22,31
408,2007/5/29,7,12,22,26,30
409,2007/6/5,2,11,19,27,28
410,2007/6/12,3,10,19,20,31
411,2007/6/19,5,8,12,19,22
412,2007/6/26,1,5,6,9,23
413,2007/7/3,8,14,21,23,29
414,2007/7/10,5,7,10,20,27
415,2007/7/17,11,16,24,28,30
416,2007/7/24,4,6,13,15,22
417,2007/7/31,3,9,12,23,24
418,2007/8/7,13,16,22,27,30
419,2007/8/14,5,12,19,20,27
420,2007/8/21,2,10,13,23,27
421,2007/8/28,11,14,24,28,29
422,2007/9/4,10,12,15,21,27
423,2007/9/11,8,14,16,24,31
424,2007/9/18,3,4,8,11,31
425,2007/9/25,4,10,20,25,28
426,2007/10/2,3,15,17,21,26
427,2007/10/9,9,14,19,20,26
428,2007/10/16,11,20,24,27,29
429,2007/10/23,11,18,22,26,30
430,2007/10/30,3,7,16,18,21
431,2007/11/6,3,12,14,24,25
432,2007/11/13,3,9,14,22,25
433,2007/11/20,1,12,17,20,27
434,2007/11/27,1,6,10,11,22
435,2007/12/4,8,19,22,25,27
436,2007/12/11,7,8,18,21,24
437,2007/12/18,9,13,15,28,31
438,2007/12/25,1,2,10,13,21
439,2008/1/8,10,17,19,21,23
440,2008/1/15,5,12,13,21,30
441,2008/1/22,6,8,19,28,30
442,2008/1/29,5,8,19,24,30
443,2008/2/5,5,17,22,23,30
444,2008/2/12,1,11,17,30,31
445,2008/2/19,7,16,18,26,31
446,2008/2/26,10,11,15,16,17
447,2008/3/4,14,17,20,25,26
448,2008/3/11,1,7,12,17,18
449,2008/3/18,7,8,10,11,20
450,2008/3/25,2,5,8,13,27
451,2008/4/1,3,7,12,14,16
452,2008/4/8,2,12,16,18,30
453,2008/4/15,4,7,12,17,27
454,2008/4/22,2,5,13,20,24
455,2008/4/29,1,10,16,24,26
456,2008/5/6,6,8,10,16,20
457,2008/5/13,2,16,17,22,28
458,2008/5/20,6,8,15,24,31
459,2008/5/27,12,13,26,27,29
460,2008/6/3,10,11,25,27,30
461,2008/6/10,6,12,17,20,26
462,2008/6/17,4,19,22,25,29
463,2008/6/24,12,13,16,21,23
464,2008/7/1,1,12,16,22,28
465,2008/7/8,13,18,21,25,28
466,2008/7/15,15,16,19,20,29
467,2008/7/22,1,2,13,15,23
468,2008/7/29,7,8,13,24,27
469,2008/8/5,5,9,12,16,19
470,2008/8/12,11,15,22,30,31
471,2008/8/19,13,17,20,23,30
472,2008/8/26,4,15,17,20,21
473,2008/9/2,4,5,18,20,26
474,2008/9/9,5,12,14,18,23
475,2008/9/16,8,9,12,14,24
476,2008/9/23,3,10,12,20,24
477,2008/9/30,1,4,13,20,28
478,2008/10/7,3,17,18,22,25
479,2008/10/14,14,22,26,27,29
480,2008/10/21,5,7,18,25,31
481,2008/10/28,3,7,13,16,25
482,2008/11/4,2,16,20,24,29
483,2008/11/11,7,20,23,27,29
484,2008/11/18,1,3,4,19,29
485,2008/11/25,3,8,10,15,31
486,2008/12/2,5,8,20,22,26
487,2008/12/9,15,17,20,22,29
488,2008/12/16,10,15,17,23,29
489,2008/12/23,2,4,9,22,31
490,2008/12/30,7,9,13,21,24
491,2009/1/6,8,10,16,20,23
492,2009/1/13,3,8,9,11,20
493,2009/1/20,1,11,12,13,17
494,2009/1/27,2,10,14,26,28
495,2009/2/3,7,10,22,26,27
496,2009/2/10,4,10,11,22,30
497,2009/2/17,4,21,23,27,28
498,2009/2/24,2,15,20,23,30
499,2009/3/3,2,8,14,15,26
500,2009/3/10,19,20,23,25,28
501,2009/3/17,12,13,16,17,21
502,2009/3/24,2,3,5,13,14
503,2009/3/31,11,18,21,23,27
504,2009/4/7,8,10,24,28,31
505,2009/4/14,5,16,19,20,22
506,2009/4/21,4,14,15,23,24
507,2009/4/28,10,19,26,27,28
508,2009/5/5,3,6,9,14,25
509,2009/5/12,2,13,22,29,30
510,2009/5/19,18,19,21,23,30
511,2009/5/26,13,16,26,28,31
512,2009/6/2,8,14,25,29,30
513,2009/6/9,3,11,18,19,25
514,2009/6/16,15,16,21,25,30
515,2009/6/23,5,21,24,25,26
516,2009/6/30,3,12,14,15,26
517,2009/7/7,12,26,28,29,30
518,2009/7/14,11,16,18,20,27
519,2009/7/21,2,9,25,29,31
520,2009/7/28,2,3,11,14,30
521,2009/8/4,4,9,14,25,26
522,2009/8/11,4,19,22,23,27
523,2009/8/18,8,17,18,19,24
524,2009/8/25,7,10,17,22,24
525,2009/9/1,1,14,21,25,27
526,2009/9/8,4,5,16,21,31
527,2009/9/15,11,13,15,23,25
528,2009/9/22,2,11,14,15,21
529,2009/9/29,5,7,14,16,20
530,2009/10/6,2,3,5,16,19
531,2009/10/13,13,21,22,26,27
532,2009/10/20,5,10,21,27,28
533,2009/10/27,6,13,19,23,31
534,2009/11/3,7,22,25,26,30
535,2009/11/10,18,20,23,24,31
536,2009/11/17,14,18,20,22,24
537,2009/11/24,9,10,27,29,30
538,2009/12/1,8,10,13,20,21
539,2009/12/8,9,18,23,26,29
540,2009/12/15,2,19,22,27,29
541,2009/12/22,1,9,10,16,23
542,2009/12/29,3,9,11,20,27
543,2010/1/5,4,7,17,22,25
544,2010/1/12,3,9,18,29,30
545,2010/1/19,1,15,23,28,29
546,2010/1/26,3,8,19,22,29
547,2010/2/2,5,23,25,29,31
548,2010/2/9,5,6,16,23,29
549,2010/2/16,10,12,19,24,25
550,2010/2/23,8,16,22,28,31
551,2010/3/2,1,2,10,24,31
552,2010/3/9,7,11,14,17,28
553,2010/3/16,2,13,23,24,30
554,2010/3/23,2,6,23,24,28
555,2010/3/30,1,15,18,24,29
556,2010/4/6,4,6,16,17,24
557,2010/4/13,8,18,21,22,28
558,2010/4/20,4,10,16,22,30
559,2010/4/27,2,4,7,11,16
560,2010/5/4,11,13,17,29,30
561,2010/5/11,1,5,6,16,25
562,2010/5/18,2,7,12,15,17
563,2010/5/25,4,5,18,19,30
564,2010/6/1,9,17,19,22,29
565,2010/6/8,18,19,20,28,29
566,2010/6/15,3,8,23,28,30
567,2010/6/22,10,12,20,24,25
568,2010/6/29,8,12,16,24,30
569,2010/7/6,10,17,23,26,28
570,2010/7/13,1,2,5,6,10
571,2010/7/20,9,22,27,28,29
572,2010/7/27,1,6,18,23,29
573,2010/8/3,15,21,22,23,29
574,2010/8/10,3,7,8,13,15
575,2010/8/17,10,16,20,21,27
576,2010/8/24,6,8,10,21,23
577,2010/8/31,5,10,21,24,25
578,2010/9/7,5,11,16,19,30
579,2010/9/14,1,4,15,17,23
580,2010/9/21,1,4,14,15,26
581,2010/9/28,2,6,12,14,30
582,2010/10/5,3,14,22,24,30
583,2010/10/12,1,3,10,11,16
584,2010/10/19,6,9,11,14,22
585,2010/10/26,14,19,23,24,31
586,2010/11/2,1,5,6,10,15
587,2010/11/9,11,17,19,29,30
588,2010/11/16,4,11,18,26,31
589,2010/11/23,3,10,13,22,26
590,2010/11/30,4,7,11,17,19
591,2010/12/7,4,8,9,13,19
592,2010/12/14,5,6,23,25,26
593,2010/12/21,11,14,22,28,29
594,2010/12/28,2,5,10,22,30
595,2011/1/4,7,11,15,20,23
596,2011/1/11,6,9,10,14,27
597,2011/1/18,2,13,16,17,19
598,2011/1/25,4,15,21,26,30
599,2011/2/1,3,7,10,11,29
600,2011/2/8,1,2,3,4,22
601,2011/2/15,10,14,15,16,24
602,2011/2/22,3,14,18,22,25
603,2011/3/1,4,5,26,28,30
604,2011/3/8,2,11,13,22,25
605,2011/3/15,5,6,13,19,28
606,2011/3/22,9,20,23,30,31
607,2011/3/29,7,8,12,18,30
608,2011/4/5,13,19,21,25,29
609,2011/4/12,3,14,21,26,30
610,2011/4/19,3,8,14,17,30
611,2011/4/26,12,18,21,25,30
612,2011/5/3,11,18,24,27,30
613,2011/5/10,2,16,17,20,28
614,2011/5/17,7,16,23,25,30
615,2011/5/24,4,12,13,19,20
616,2011/5/31,7,18,21,27,28
617,2011/6/7,3,9,16,19,28
618,2011/6/14,10,12,14,22,31
619,2011/6/21,4,7,14,20,30
620,2011/6/28,2,14,21,25,31
621,2011/7/5,6,12,18,24,30
622,2011/7/12,13,14,20,25,27
623,2011/7/19,4,9,14,15,26
624,2011/7/26,5,7,11,12,24
625,2011/8/2,19,20,23,26,31
626,2011/8/9,11,12,14,17,26
627,2011/8/16,6,10,14,15,20
628,2011/8/23,1,2,10,17,20
629,2011/8/30,1,3,16,26,29
630,2011/9/6,3,4,16,19,31
631,2011/9/13,3,15,18,20,25
632,2011/9/20,6,14,15,25,26
633,2011/9/27,2,12,19,20,30
634,2011/10/4,6,14,24,27,31
635,2011/10/11,12,13,16,20,29
636,2011/10/18,8,13,21,26,30
637,2011/10/25,1,5,10,15,21
638,2011/11/1,1,16,18,27,30
639,2011/11/8,6,14,20,29,31
640,2011/11/15,6,15,18,28,31
641,2011/11/22,5,11,14,17,22
642,2011/11/29,9,22,26,27,31
643,2011/12/6,9,11,17,19,22
644,2011/12/13,5,13,15,20,27
645,2011/12/20,8,13,18,19,24
646,2011/12/27,3,6,16,30,31
647,2012/1/10,3,6,7,10,21
648,2012/1/17,6,13,18,19,21
649,2012/1/24,3,11,18,19,21
650,2012/1/31,4,11,18,24,26
651,2012/2/7,8,11,15,20,31
652,2012/2/14,2,5,19,28,29
653,2012/2/21,11,16,20,22,30
654,2012/2/28,6,11,22,25,27
655,2012/3/6,7,9,12,14,18
656,2012/3/13,4,10,15,22,23
657,2012/3/20,9,14,18,23,30
658,2012/3/27,7,8,11,15,26
659,2012/4/3,5,9,22,30,31
660,2012/4/10,7,12,15,30,31
661,2012/4/17,2,6,9,19,20
662,2012/4/24,7,9,15,28,31
663,2012/5/1,1,9,10,21,31
664,2012/5/8,6,9,11,16,29
665,2012/5/15,7,12,17,20,28
666,2012/5/22,10,11,17,24,29
667,2012/5/29,8,9,19,26,31
668,2012/6/5,7,9,16,27,29
669,2012/6/12,4,7,8,25,31
670,2012/6/19,4,6,26,27,29
671,2012/6/26,7,14,19,22,27
672,2012/7/3,3,8,20,22,28
673,2012/7/10,6,12,21,24,25
674,2012/7/17,1,2,3,24,25
675,2012/7/24,6,21,27,28,31
676,2012/7/31,4,6,18,22,28
677,2012/8/7,10,16,23,24,30
678,2012/8/14,15,17,21,24,25
679,2012/8/21,5,11,23,29,31
680,2012/8/28,2,3,11,15,24
681,2012/9/4,6,12,17,19,30
682,2012/9/11,4,8,20,25,27
683,2012/9/18,1,7,15,23,26
684,2012/9/25,10,12,13,19,25
685,2012/10/2,8,11,19,21,30
686,2012/10/9,3,5,7,10,18
687,2012/10/16,2,9,17,24,29
688,2012/10/23,4,5,9,15,26
689,2012/10/30,12,13,19,23,25
690,2012/11/6,11,16,22,23,25
691,2012/11/13,3,9,10,20,25
692,2012/11/20,9,13,14,23,31
693,2012/11/27,5,17,21,24,25
694,2012/12/4,5,12,15,16,20
695,2012/12/11,4,19,20,27,28
696,2012/12/18,5,9,15,19,30
697,2012/12/25,5,7,17,25,27
698,2013/1/8,2,3,5,14,24
699,2013/1/15,6,12,21,24,28
700,2013/1/22,6,8,9,21,26
701,2013/1/29,4,8,13,15,26
702,2013/2/5,10,12,13,20,23
703,2013/2/12,3,10,16,28,31
704,2013/2/19,2,11,21,24,25
705,2013/2/26,8,16,18,21,22
706,2013/3/5,4,6,15,16,29
707,2013/3/12,2,11,23,27,29
708,2013/3/19,10,11,20,28,29
709,2013/3/26,2,5,16,17,18
710,2013/4/2,2,15,18,25,26
711,2013/4/9,3,5,10,17,25
712,2013/4/16,3,7,18,27,31
713,2013/4/23,4,13,22,28,31
714,2013/4/30,6,10,20,22,31
715,2013/5/7,2,3,5,9,22
716,2013/5/14,13,18,19,20,24
717,2013/5/21,3,5,14,23,26
718,2013/5/28,2,11,16,19,24
719,2013/6/4,2,9,18,22,27
720,2013/6/11,5,11,17,19,20
721,2013/6/18,3,5,12,15,22
722,2013/6/25,4,6,17,21,30
723,2013/7/2,4,7,9,25,31
724,2013/7/9,7,14,17,22,29
725,2013/7/16,6,11,26,28,30
726,2013/7/23,1,2,16,18,25
727,2013/7/30,4,7,14,16,24
728,2013/8/6,1,9,11,13,28
729,2013/8/13,13,16,17,20,29
730,2013/8/20,3,5,7,14,22
731,2013/8/27,7,9,18,28,30
732,2013/9/3,4,6,16,29,31
733,2013/9/10,5,9,11,18,20
734,2013/9/17,6,8,10,12,13
735,2013/9/24,3,14,16,23,30
736,2013/10/1,2,14,17,20,27
737,2013/10/8,5,12,18,19,23
738,2013/10/15,7,11,14,23,29
739,2013/10/22,1,4,19,24,31
740,2013/10/29,2,4,19,25,28
741,2013/11/5,6,11,12,15,25
742,2013/11/12,3,5,16,26,31
743,2013/11/19,4,15,18,20,30
744,2013/11/26,2,4,5,14,24
745,2013/12/3,3,10,13,14,22
746,2013/12/10,2,10,15,18,20
747,2013/12/17,1,12,23,29,30
748,2013/12/24,2,6,7,11,15
749,2014/1/7,1,11,14,16,30
750,2014/1/14,2,5,9,13,19
751,2014/1/21,7,15,18,19,30
752,2014/1/28,11,23,26,27,31
753,2014/2/4,2,10,20,23,24
754,2014/2/11,11,12,24,25,30
755,2014/2/18,20,21,22,25,27
756,2014/2/25,5,8,9,27,30
757,2014/3/4,12,15,21,25,27
758,2014/3/11,8,14,19,22,24
759,2014/3/18,8,18,23,24,30
760,2014/3/25,1,7,14,25,30
761,2014/4/1,7,14,16,21,31
762,2014/4/8,2,3,8,10,29
763,2014/4/15,3,5,12,14,18
764,2014/4/22,1,2,7,10,11
765,2014/4/29,16,19,20,22,31
766,2014/5/6,5,8,12,16,28
767,2014/5/13,6,8,10,25,31
768,2014/5/20,2,3,23,24,27
769,2014/5/27,3,11,15,22,24
770,2014/6/3,12,18,19,22,30
771,2014/6/10,7,11,22,26,30
772,2014/6/17,11,14,15,21,27
773,2014/6/24,1,2,6,11,26
774,2014/7/1,5,6,9,20,30
775,2014/7/8,5,6,14,24,31
776,2014/7/15,6,14,15,18,31
777,2014/7/22,4,10,20,22,24
778,2014/7/29,10,13,14,26,30
779,2014/8/5,1,8,9,10,13
780,2014/8/12,13,15,16,18,20
781,2014/8/19,2,7,10,21,24
782,2014/8/26,4,7,9,14,21
783,2014/9/2,4,5,10,15,20
784,2014/9/9,14,19,21,25,29
785,2014/9/16,7,21,22,26,28
786,2014/9/23,5,6,21,28,29
787,2014/9/30,11,15,22,26,31
788,2014/10/7,1,21,28,29,30
789,2014/10/14,4,5,11,16,31
790,2014/10/21,11,13,15,19,21
791,2014/10/28,6,16,18,30,31
792,2014/11/4,12,13,15,18,22
793,2014/11/11,6,10,18,20,31
794,2014/11/18,3,4,8,10,31
795,2014/11/25,2,6,11,14,18
796,2014/12/2,3,10,19,21,30
797,2014/12/9,8,9,29,30,31
798,2014/12/16,3,8,10,23,27
799,2014/12/23,1,2,17,19,26
800,2014/12/30,1,19,20,22,25
801,2015/1/6,5,7,20,22,25
802,2015/1/13,5,9,21,29,31
803,2015/1/20,2,4,18,19,27
804,2015/1/27,7,8,9,12,29
805,2015/2/3,8,9,11,17,30
806,2015/2/10,3,11,21,23,28
807,2015/2/17,5,7,13,17,19
808,2015/2/24,8,9,26,27,30
809,2015/3/3,2,8,11,13,25
810,2015/3/10,6,12,15,16,31
811,2015/3/17,8,9,10,13,21
812,2015/3/24,2,16,17,22,25
813,2015/3/31,3,6,9,14,15
814,2015/4/7,2,3,12,25,31
815,2015/4/14,20,21,26,27,28
816,2015/4/21,1,5,7,14,18
817,2015/4/28,1,10,23,27,29
818,2015/5/5,5,9,14,16,18
819,2015/5/12,2,9,14,15,24
820,2015/5/19,8,12,20,21,31
821,2015/5/26,6,8,18,21,23
822,2015/6/2,7,8,10,17,28
823,2015/6/9,6,10,14,18,23
824,2015/6/16,4,16,22,28,29
825,2015/6/23,3,8,12,21,26
826,2015/6/30,1,8,21,23,27
827,2015/7/7,3,4,6,23,31
828,2015/7/14,2,8,11,15,26
829,2015/7/21,8,12,19,23,31
830,2015/7/28,5,6,20,23,29
831,2015/8/4,7,9,17,19,21
832,2015/8/11,9,10,15,19,31
833,2015/8/18,6,9,15,24,28
834,2015/8/25,5,13,21,25,26
835,2015/9/1,1,9,11,23,29
836,2015/9/8,5,15,20,28,29
837,2015/9/15,4,5,9,24,25
838,2015/9/22,4,6,11,12,15
839,2015/9/29,2,6,14,27,30
840,2015/10/6,1,5,11,15,31
841,2015/10/13,5,6,7,13,18
842,2015/10/20,9,18,20,24,25
843,2015/10/27,2,14,23,28,30
844,2015/11/3,3,11,14,22,26
845,2015/11/10,3,10,22,24,30
846,2015/11/17,1,17,27,30,31
847,2015/11/24,7,18,19,21,31
848,2015/12/1,2,3,22,29,31
849,2015/12/8,4,14,17,19,20
850,2015/12/15,1,2,13,15,18
851,2015/12/22,10,19,20,24,31
852,2015/12/29,2,9,15,18,22
853,2016/1/5,6,11,17,18,30
854,2016/1/12,3,16,22,23,31
855,2016/1/19,2,7,17,22,24
856,2016/1/26,1,10,15,24,29
857,2016/2/2,2,4,21,24,28
858,2016/2/9,6,14,15,25,26
859,2016/2/16,13,17,19,28,31
860,2016/2/23,8,9,21,30,31
861,2016/3/1,4,8,12,17,27
862,2016/3/8,3,7,9,13,23
863,2016/3/15,1,2,11,27,28
864,2016/3/22,14,18,26,28,30
865,2016/3/29,3,8,16,17,31
866,2016/4/5,4,16,18,26,28
867,2016/4/12,13,23,24,28,30
868,2016/4/19,1,9,14,25,30
869,2016/4/26,2,14,16,19,30
870,2016/5/3,3,12,22,23,31
871,2016/5/10,4,17,24,27,31
872,2016/5/17,15,16,24,28,30
873,2016/5/24,4,6,10,23,29
874,2016/5/31,6,7,8,22,24
875,2016/6/7,2,3,8,11,28
876,2016/6/14,18,19,20,21,27
877,2016/6/21,5,14,20,22,23
878,2016/6/28,2,3,8,28,29
879,2016/7/5,2,13,24,27,31
880,2016/7/12,5,7,11,12,21
881,2016/7/19,10,11,17,29,30
882,2016/7/26,2,7,8,18,30
883,2016/8/2,1,17,18,21,25
884,2016/8/9,7,10,22,27,31
885,2016/8/16,9,17,21,24,27
886,2016/8/23,1,11,20,23,29
887,2016/8/30,3,4,19,28,29
888,2016/9/6,6,17,24,29,31
889,2016/9/13,5,6,12,17,22
890,2016/9/20,1,7,12,24,31
891,2016/9/27,10,17,29,30,31
892,2016/10/4,2,3,12,19,21
893,2016/10/11,11,14,20,22,25
894,2016/10/18,11,16,21,23,30
895,2016/10/25,7,8,9,11,14
896,2016/11/1,11,13,16,17,26
897,2016/11/8,16,17,18,23,31
898,2016/11/15,5,7,20,24,25
899,2016/11/22,1,7,19,20,31
900,2016/11/29,1,15,18,22,25
901,2016/12/6,2,10,13,23,24
902,2016/12/13,6,8,16,22,28
903,2016/12/20,2,5,21,24,29
904,2016/12/27,3,5,8,17,21
905,2017/1/10,4,17,18,22,27
906,2017/1/17,2,4,6,7,23
907,2017/1/24,3,4,10,22,31
908,2017/1/31,18,19,21,23,31
909,2017/2/7,3,12,14,20,27
910,2017/2/14,10,14,20,26,30
911,2017/2/21,2,3,4,13,16
912,2017/2/28,9,12,19,21,22
913,2017/3/7,2,9,17,21,23
914,2017/3/14,2,7,15,19,24
915,2017/3/21,14,22,24,26,27
916,2017/3/28,17,18,23,28,30
917,2017/4/4,1,9,10,24,27
918,2017/4/11,16,20,22,27,29
919,2017/4/18,4,7,9,15,23
920,2017/4/25,5,15,22,24,25
921,2017/5/2,6,8,10,14,30
922,2017/5/9,2,13,14,21,22
923,2017/5/16,8,20,21,22,27
924,2017/5/23,2,7,8,14,23
925,2017/5/30,9,14,19,27,30
926,2017/6/6,3,9,18,27,29
927,2017/6/13,1,6,7,17,18
928,2017/6/20,4,9,11,19,23
929,2017/6/27,2,4,5,11,20
930,2017/7/4,9,14,24,25,27
931,2017/7/11,2,3,18,24,25
932,2017/7/18,1,3,14,17,19
933,2017/7/25,3,4,22,26,29
934,2017/8/1,3,7,8,11,13
935,2017/8/8,3,11,13,20,31
936,2017/8/15,7,21,23,25,31
937,2017/8/22,5,12,13,15,24
938,2017/8/29,4,9,16,21,22
939,2017/9/5,8,12,20,23,28
940,2017/9/12,4,9,25,27,28
941,2017/9/19,3,11,12,15,28
942,2017/9/26,2,7,10,22,29
943,2017/10/3,4,11,18,28,30
944,2017/10/10,5,11,13,16,27
945,2017/10/17,14,17,21,25,31
946,2017/10/24,5,14,24,28,29
947,2017/10/31,3,7,19,24,27
948,2017/11/7,3,6,12,13,22
949,2017/11/14,1,2,5,6,21
950,2017/11/21,5,8,12,14,28
951,2017/11/28,3,9,12,26,27
952,2017/12/5,4,10,15,16,18
953,2017/12/12,4,5,9,22,29
954,2017/12/19,11,16,21,23,25
955,2017/12/26,9,12,17,21,30
956,2018/1/9,6,15,18,22,29
957,2018/1/16,2,15,26,29,31
958,2018/1/23,3,10,15,17,19
959,2018/1/30,2,3,9,14,19
960,2018/2/6,2,3,5,16,20
961,2018/2/13,2,11,18,20,29
962,2018/2/20,3,10,15,18,25
963,2018/2/27,4,7,17,21,28
964,2018/3/6,16,19,27,28,30
965,2018/3/13,7,13,15,19,28
966,2018/3/20,1,11,25,26,27
967,2018/3/27,4,7,11,14,31
968,2018/4/3,1,5,10,20,24
969,2018/4/10,1,4,18,24,27
970,2018/4/17,2,4,19,27,28
971,2018/4/24,7,17,18,20,24
972,2018/5/1,13,19,21,22,27
973,2018/5/8,1,7,12,13,31
974,2018/5/15,10,18,21,24,27
975,2018/5/22,10,18,19,28,29
976,2018/5/29,2,4,15,16,19
977,2018/6/5,9,17,21,22,23
978,2018/6/12,1,8,20,26,28
979,2018/6/19,1,10,23,25,28
980,2018/6/26,8,24,27,30,31
981,2018/7/3,10,11,19,28,30
982,2018/7/10,5,8,20,22,27
983,2018/7/17,6,10,12,15,23
984,2018/7/24,2,4,5,16,27
985,2018/7/31,5,11,16,17,26
986,2018/8/7,1,21,22,25,27
987,2018/8/14,6,13,15,17,21
988,2018/8/21,1,9,11,14,21
989,2018/8/28,2,7,10,16,30
990,2018/9/4,3,9,17,23,25
991,2018/9/11,1,3,9,15,30
992,2018/9/18,1,14,17,20,31
993,2018/9/25,1,4,24,29,30
994,2018/10/2,7,8,19,27,31
995,2018/10/9,1,5,14,21,30
996,2018/10/16,9,19,20,22,26
997,2018/10/23,1,3,8,11,14
998,2018/10/30,1,7,19,20,25
999,2018/11/6,6,17,18,20,29
1000,2018/11/13,3,8,14,18,26
1001,2018/11/20,5,12,16,22,27
1002,2018/11/27,2,9,11,20,27
1003,2018/12/4,11,14,15,22,29
1004,2018/12/11,1,18,22,27,30
1005,2018/12/18,5,13,18,26,31
1006,2018/12/25,10,15,19,23,26
1007,2019/1/8,2,10,11,25,31
1008,2019/1/15,3,4,22,26,27
1009,2019/1/22,2,8,17,23,27
1010,2019/1/29,10,17,20,21,30
1011,2019/2/5,9,16,21,30,31
1012,2019/2/12,1,13,18,26,29
1013,2019/2/19,1,6,11,19,28
1014,2019/2/26,4,17,19,20,25
1015,2019/3/5,3,5,6,20,25
1016,2019/3/12,5,21,23,25,27
1017,2019/3/19,9,16,21,23,24
1018,2019/3/26,13,16,23,27,29
1019,2019/4/2,5,6,16,23,24
1020,2019/4/9,3,12,17,24,30
1021,2019/4/16,13,19,23,25,29
1022,2019/4/23,5,13,24,27,29
1023,2019/4/30,2,12,22,23,26
1024,2019/5/7,4,11,12,23,28
1025,2019/5/14,3,4,13,19,23
1026,2019/5/21,3,14,15,22,26
1027,2019/5/28,5,6,17,21,27
1028,2019/6/4,2,3,8,16,27
1029,2019/6/11,3,4,9,11,29
1030,2019/6/18,21,24,26,27,28
1031,2019/6/25,5,8,17,21,23
1032,2019/7/2,1,9,14,21,26
1033,2019/7/9,2,12,14,24,31
1034,2019/7/16,12,22,27,28,29
1035,2019/7/23,3,8,11,16,31
1036,2019/7/30,7,14,16,23,28
1037,2019/8/6,7,19,23,24,27
1038,2019/8/13,2,5,21,23,30
1039,2019/8/20,4,19,22,24,30
1040,2019/8/27,7,10,13,25,27
1041,2019/9/3,3,9,14,15,27
1042,2019/9/10,11,12,19,23,28
1043,2019/9/17,7,9,23,24,25
1044,2019/9/24,12,19,27,28,30
1045,2019/10/1,3,5,7,10,18
1046,2019/10/8,16,23,24,28,29
1047,2019/10/15,8,12,19,25,26
1048,2019/10/22,1,8,11,19,23
1049,2019/10/29,2,16,21,26,31
1050,2019/11/5,2,15,19,23,28
1051,2019/11/12,7,11,12,21,22
1052,2019/11/19,4,8,9,14,26
1053,2019/11/26,2,3,13,16,23
1054,2019/12/3,2,19,25,26,31
1055,2019/12/10,1,5,18,19,21
1056,2019/12/17,3,12,14,21,25
1057,2019/12/24,9,13,21,23,26
1058,2020/1/7,2,16,19,24,27
1059,2020/1/14,2,11,13,16,18
1060,2020/1/21,19,23,24,28,31
1061,2020/1/28,5,10,19,23,28
1062,2020/2/4,14,18,23,29,31
1063,2020/2/11,10,18,20,26,27
1064,2020/2/18,1,5,8,28,29
1065,2020/2/25,8,11,14,16,31
1066,2020/3/3,15,17,20,22,23
1067,2020/3/10,2,10,13,15,28
1068,2020/3/17,2,3,20,24,31
1069,2020/3/24,1,3,9,14,25
1070,2020/3/31,7,9,11,27,31
1071,2020/4/7,2,3,4,27,31
1072,2020/4/14,3,4,10,12,13
1073,2020/4/21,2,13,21,24,30
1074,2020/4/28,15,18,20,22,27
1075,2020/5/5,4,11,13,16,31
1076,2020/5/12,5,7,11,22,26
1077,2020/5/19,3,17,19,25,31
1078,2020/5/26,3,10,16,17,25
1079,2020/6/2,2,6,14,16,26
1080,2020/6/9,4,5,13,19,21
1081,2020/6/16,2,3,4,24,25
1082,2020/6/23,1,2,14,19,29
1083,2020/6/30,1,3,19,26,29
1084,2020/7/7,11,19,28,29,31
1085,2020/7/14,9,10,16,17,28
1086,2020/7/21,2,18,19,28,30
1087,2020/7/28,1,3,4,9,16
1088,2020/8/4,2,8,14,17,26
1089,2020/8/11,3,13,18,19,22
1090,2020/8/18,4,12,15,22,25
1091,2020/8/25,1,14,25,29,31
1092,2020/9/1,9,13,14,19,22
1093,2020/9/8,2,12,17,23,30
1094,2020/9/15,3,5,8,14,22
1095,2020/9/22,4,10,16,21,24
1096,2020/9/29,1,2,12,20,22
1097,2020/10/6,5,12,18,19,24
1098,2020/10/13,3,13,17,28,31
1099,2020/10/20,1,3,5,14,23
1100,2020/10/27,13,18,19,25,27
1101,2020/11/3,1,8,10,12,29
1102,2020/11/10,8,13,20,26,29
1103,2020/11/17,1,6,7,21,31
1104,2020/11/24,7,16,20,23,28
1105,2020/12/1,4,11,16,21,26
1106,2020/12/8,2,18,21,25,30
1107,2020/12/15,7,10,16,18,29
1108,2020/12/22,6,10,14,17,19
1109,2020/12/29,7,15,17,26,27
1110,2021/1/5,2,7,19,23,28
1111,2021/1/12,2,3,4,13,31
1112,2021/1/19,5,6,8,13,25
1113,2021/1/26,19,20,21,26,27
1114,2021/2/2,7,18,21,25,26
1115,2021/2/9,2,4,6,11,29
1116,2021/2/16,7,24,25,27,29
1117,2021/2/23,4,13,22,27,30
1118,2021/3/2,8,13,16,27,29
1119,2021/3/9,9,10,12,17,18
1120,2021/3/16,2,10,11,17,31
1121,2021/3/23,13,19,21,24,25
1122,2021/3/30,8,9,14,25,28
1123,2021/4/6,7,17,26,28,29
1124,2021/4/13,3,4,6,8,27
1125,2021/4/20,2,6,10,14,21
1126,2021/4/27,6,8,20,30,31
1127,2021/5/4,8,22,24,27,28
1128,2021/5/11,4,7,13,24,30
1129,2021/5/18,5,9,16,29,30
1130,2021/5/25,5,6,8,25,26
1131,2021/6/1,6,8,11,24,29
1132,2021/6/8,3,4,14,15,18
1133,2021/6/15,14,17,23,28,30
1134,2021/6/22,6,13,20,23,28
1135,2021/6/29,7,19,21,23,28
1136,2021/7/6,11,15,20,22,23
1137,2021/7/13,7,8,21,25,31
1138,2021/7/20,14,20,23,28,29
1139,2021/7/27,12,16,17,24,31
1140,2021/8/3,7,11,17,19,28
1141,2021/8/10,9,12,17,18,27
1142,2021/8/17,11,23,25,29,30
1143,2021/8/24,3,4,16,19,27
1144,2021/8/31,4,11,14,21,30
1145,2021/9/7,11,14,20,28,31
1146,2021/9/14,4,5,11,29,30
1147,2021/9/21,6,8,23,27,29
1148,2021/9/28,1,3,6,15,19
1149,2021/10/5,5,12,14,15,20
1150,2021/10/12,1,10,13,27,29
1151,2021/10/19,14,18,21,30,31
1152,2021/10/26,2,12,14,23,27
1153,2021/11/2,17,25,27,29,30
1154,2021/11/9,9,10,12,21,24
1155,2021/11/16,1,9,13,16,19
1156,2021/11/23,1,3,14,27,30
1157,2021/11/30,2,6,7,13,30
1158,2021/12/7,1,14,23,25,26
1159,2021/12/14,11,12,14,18,31
1160,2021/12/21,7,19,22,24,31
1161,2021/12/28,3,9,13,17,24
1162,2022/1/4,2,21,23,24,29
1163,2022/1/11,2,9,11,22,29
1164,2022/1/18,4,9,19,26,31
1165,2022/1/25,5,13,16,27,31
1166,2022/2/1,6,11,14,17,25
1167,2022/2/8,2,14,21,27,30
1168,2022/2/15,5,13,14,24,31
1169,2022/2/22,1,7,9,21,27
1170,2022/3/1,2,16,18,20,28
1171,2022/3/8,1,3,6,16,23
1172,2022/3/15,11,24,26,28,29
1173,2022/3/22,3,4,13,16,27
1174,2022/3/29,5,6,21,29,30
1175,2022/4/5,1,7,15,16,29
1176,2022/4/12,1,12,20,27,29
1177,2022/4/19,3,10,16,21,30
1178,2022/4/26,1,5,9,13,22
1179,2022/5/3,18,19,20,25,30
1180,2022/5/10,13,15,16,26,29
1181,2022/5/17,2,9,13,16,22
1182,2022/5/24,7,10,20,22,28
1183,2022/5/31,3,7,9,14,15
1184,2022/6/7,5,8,12,19,27
1185,2022/6/14,1,14,16,17,22
1186,2022/6/21,9,13,15,24,28
1187,2022/6/28,3,5,6,11,23
1188,2022/7/5,2,25,26,29,31
1189,2022/7/12,6,7,16,17,22
1190,2022/7/19,3,20,23,24,28
1191,2022/7/26,11,16,20,25,26
1192,2022/8/2,4,10,11,22,31
1193,2022/8/9,1,4,8,11,20
1194,2022/8/16,3,5,7,18,20
1195,2022/8/23,3,10,11,13,14
1196,2022/8/30,1,5,17,19,23
1197,2022/9/6,7,9,17,26,27
1198,2022/9/13,10,11,17,30,31
1199,2022/9/20,6,13,19,23,28
1200,2022/9/27,2,16,18,22,24
1201,2022/10/4,1,2,16,23,30
1202,2022/10/11,4,5,15,27,30
1203,2022/10/18,4,7,8,12,19
1204,2022/10/25,5,10,12,18,20
1205,2022/11/1,11,12,16,24,28
1206,2022/11/8,7,9,12,14,30
1207,2022/11/15,2,8,14,25,28
1208,2022/11/22,5,10,15,16,27
1209,2022/11/29,12,14,17,27,28
1210,2022/12/6,14,26,27,30,31
1211,2022/12/13,4,8,16,25,26
1212,2022/12/20,14,19,23,30,31
1213,2022/12/27,17,21,23,25,26
1214,2023/1/10,5,9,10,19,26
1215,2023/1/17,1,2,3,5,20
1216,2023/1/24,10,12,18,25,28
1217,2023/1/31,8,10,14,20,25
1218,2023/2/7,1,3,4,7,11
1219,2023/2/14,9,10,13,21,29
1220,2023/2/21,2,5,11,12,30
1221,2023/2/28,4,11,13,21,26
1222,2023/3/7,4,18,23,26,28
1223,2023/3/14,1,11,21,26,31
1224,2023/3/21,1,5,8,11,22
1225,2023/3/28,1,7,15,29,31
1226,2023/4/4,2,5,13,18,21
1227,2023/4/11,1,5,11,20,26
1228,2023/4/18,1,4,18,19,26
1229,2023/4/25,1,5,7,12,27
1230,2023/5/2,4,18,21,22,23
1231,2023/5/9,1,14,20,21,31
1232,2023/5/16,4,5,17,27,29
1233,2023/5/23,3,8,17,19,23
1234,2023/5/30,4,14,15,27,28
1235,2023/6/6,8,12,17,22,28
1236,2023/6/13,1,18,19,30,31
1237,2023/6/20,2,9,10,25,31
1238,2023/6/27,13,16,19,21,25
1239,2023/7/4,7,9,11,18,30
1240,2023/7/11,13,15,20,27,30
1241,2023/7/18,1,2,3,7,27
1242,2023/7/25,5,7,18,19,27
1243,2023/8/1,2,4,13,15,20
1244,2023/8/8,2,6,9,11,19
1245,2023/8/15,10,11,16,29,30
1246,2023/8/22,16,17,20,21,28
1247,2023/8/29,9,15,23,26,30
1248,2023/9/5,2,4,5,14,25
1249,2023/9/12,7,9,11,14,21
1250,2023/9/19,2,12,13,19,23
1251,2023/9/26,3,4,5,30,31
1252,2023/10/3,1,4,11,25,30
1253,2023/10/10,1,11,17,19,25
1254,2023/10/17,1,5,12,17,28
1255,2023/10/24,2,3,4,17,23
1256,2023/10/31,7,8,14,19,21
1257,2023/11/7,8,13,19,22,24
1258,2023/11/14,3,6,12,19,30
1259,2023/11/21,1,13,17,18,22
1260,2023/11/28,2,4,14,21,29
1261,2023/12/5,19,21,25,29,31
1262,2023/12/12,11,16,18,19,29
1263,2023/12/19,1,2,15,25,28
1264,2023/12/26,2,7,10,22,27
1265,2024/1/9,8,9,11,15,31
1266,2024/1/16,1,16,22,23,31
1267,2024/1/23,13,15,18,20,29
1268,2024/1/30,9,11,14,22,29
1269,2024/2/6,5,10,16,20,21
1270,2024/2/13,2,7,16,19,26
1271,2024/2/20,16,17,19,22,23
1272,2024/2/27,3,7,14,21,30
1273,2024/3/5,7,18,20,22,23
1274,2024/3/12,1,7,8,10,14
1275,2024/3/19,6,11,12,13,14
1276,2024/3/26,4,9,13,16,31
1277,2024/4/2,2,13,18,22,28
1278,2024/4/9,3,10,19,21,31
1279,2024/4/16,1,14,18,22,28
1280,2024/4/23,7,9,14,17,20
1281,2024/4/30,4,10,15,18,24
1282,2024/5/7,2,22,23,30,31
1283,2024/5/14,1,11,25,29,31
1284,2024/5/21,4,11,23,28,31
1285,2024/5/28,4,5,18,23,25
1286,2024/6/4,9,10,12,13,30
1287,2024/6/11,10,12,23,26,30
1288,2024/6/18,4,12,14,16,22
1289,2024/6/25,17,18,21,27,30
1290,2024/7/2,21,26,27,29,31
1291,2024/7/9,1,2,8,11,29
1292,2024/7/16,6,11,21,23,25
1293,2024/7/23,6,8,10,20,28
1294,2024/7/30,8,21,22,27,29
1295,2024/8/6,4,11,12,21,26
1296,2024/8/13,9,13,18,19,21
1297,2024/8/20,1,12,17,21,28
1298,2024/8/27,2,4,12,13,17
1299,2024/9/3,3,4,9,11,18
1300,2024/9/10,1,4,16,27,31
1301,2024/9/17,13,15,25,26,27
1302,2024/9/24,6,11,12,17,24
1303,2024/10/1,7,14,17,30,31
1304,2024/10/8,3,4,6,20,31
1305,2024/10/15,7,12,14,29,30
1306,2024/10/22,5,7,27,28,29
1307,2024/10/29,11,13,16,18,20
1308,2024/11/5,3,8,12,16,22
1309,2024/11/12,6,12,25,27,29
1310,2024/11/19,13,14,19,24,28
1311,2024/11/26,3,11,27,28,31
1312,2024/12/3,10,12,13,21,31
1313,2024/12/10,2,5,9,22,31
1314,2024/12/17,18,20,21,23,30
1315,2024/12/24,6,15,22,29,30
1316,2025/1/7,4,7,10,11,17
1317,2025/1/14,7,22,26,30,31
1318,2025/1/21,5,7,15,24,29
1319,2025/1/28,4,6,16,26,29
1320,2025/2/4,2,3,7,25,28
1321,2025/2/11,1,5,6,24,25
1322,2025/2/18,5,16,18,22,28
1323,2025/2/25,4,9,18,24,25
1324,2025/3/4,5,6,14,20,27
1325,2025/3/11,10,15,22,23,25
1326,2025/3/18,4,9,15,19,26
1327,2025/3/25,4,9,26,27,29
1328,2025/4/1,1,12,15,27,31
1329,2025/4/8,5,6,8,21,30
1330,2025/4/15,1,13,24,25,31
1331,2025/4/22,9,11,13,27,28
1332,2025/4/29,12,16,17,20,25
1333,2025/5/6,7,11,18,25,26
1334,2025/5/13,3,8,21,27,29
1335,2025/5/20,12,17,18,22,31
1336,2025/5/27,3,20,21,24,25
1337,2025/6/3,3,11,17,20,22
1338,2025/6/10,13,18,21,28,31
1339,2025/6/17,6,14,21,23,31
1340,2025/6/24,8,19,22,24,27
1341,2025/7/1,5,12,16,24,28
1342,2025/7/8,1,9,13,19,23
1343,2025/7/15,4,13,22,29,30
1344,2025/7/22,2,5,21,24,28
1345,2025/7/29,3,11,14,30,31
1346,2025/8/5,5,16,20,23,30
1347,2025/8/12,4,16,18,27,31
1348,2025/8/19,4,16,20,26,28
1349,2025/8/26,2,3,15,28,29
1350,2025/9/2,2,3,11,22,28
1351,2025/9/9,4,9,10,19,29
1352,2025/9/16,5,8,10,11,29
1353,2025/9/23,6,11,13,14,18
1354,2025/9/30,11,13,15,16,26
1355,2025/10/7,3,6,10,23,27
1356,2025/10/14,6,7,20,22,24
1357,2025/10/21,7,9,21,25,28
1358,2025/10/28,1,6,22,27,29
1359,2025/11/4,1,3,15,16,20
1360,2025/11/11,4,18,20,24,29
1361,2025/11/18,20,25,26,27,30
1362,2025/11/25,6,12,13,17,26
1363,2025/12/2,6,12,16,19,31
1364,2025/12/9,1,3,10,27,31
1365,2025/12/16,3,10,20,25,27
1366,2025/12/23,3,19,20,21,28
1367,2025/12/30,17,21,27,28,29
1368,2026/1/6,7,8,20,25,26
1369,2026/1/13,1,2,3,5,11
1370,2026/1/20,1,5,12,24,31
1371,2026/1/27,3,10,12,20,31
1372,2026/2/3,4,14,21,24,31
1373,2026/2/10,7,8,21,28,29
1374,2026/2/17,10,16,21,29,30
1375,2026/2/24,1,3,11,16,20
1376,2026/3/3,1,9,11,22,29
